stake1uxahfadvywtcwuzxn7h5sk5mjwxug3cz2czy8pu54xes72sjfytcz,1503 AuroraAmor1213 Aquapolis168 AuroraAmor1324 Aquapolis113 AuroraAmor1442 UrsaCrater582 Aquapolis306 Aquapolis220 MagnumMaximus983 UrsaCrater406 MagnumMaximus1141 UrsaCrater666 Aquapolis287 UrsaCrater789 UrsaCrater595 AuroraAmor1205 UrsaCrater499 Aquapolis241 Aquapolis150 UrsaCrater764 Aquapolis152 UrsaCrater760 UrsaCrater434 UrsaCrater657 UrsaCrater795 MagnumMaximus965,2022-12-14T15:07:58.208522
stake1uy7fh998sjy7gysz02y3rnjzplgdc3k8yzd88spcawxsaqsferckh,Aquapolis120 Aquapolis122 Aquapolis212 Aquapolis167 Aquapolis63 Aquapolis373 AuroraAmor1214 Aquapolis231 Aquapolis206 Aquapolis266 Aquapolis186 Aquapolis338 Aquapolis149 Aquapolis70 Aquapolis170 Aquapolis263 Aquapolis269 Aquapolis153 Aquapolis181 Aquapolis393 UrsaCrater716 Aquapolis187 Aquapolis109 MagnumMaximus1003 continent1279 continent1345 continent1599 continent1817 continent1862 continent2379 continent2423 continent2496 continent319 continent516 continent612 continent912 floatingContinent1523,2022-12-14T15:07:58.208539
stake1ux65x7ytq0dxsm9q77mnw7dr9ksk3gnjrpkval4ld83mzkc4qvzlg,MagnumMaximus923 MagnumMaximus1194 MagnumMaximus898 MagnumMaximus928 AuroraAmor1265 AuroraAmor1376 MagnumMaximus812 MagnumMaximus1174 UrsaCrater507 MagnumMaximus1010 MagnumMaximus919 UrsaCrater542 MagnumMaximus977 MagnumMaximus926 AuroraAmor1268 Aquapolis79 MagnumMaximus896 AuroraAmor1433 AuroraAmor1461 Aquapolis17 MagnumMaximus1095 Aquapolis115 MagnumMaximus1188 Aquapolis260 UrsaCrater794 UrsaCrater572 Aquapolis374 MagnumMaximus1162 MagnumMaximus816 Aquapolis219 MagnumMaximus1185 AuroraAmor1207 MagnumMaximus852 MagnumMaximus927 Aquapolis311 AuroraAmor1471 MagnumMaximus1184 UrsaCrater515 UrsaCrater591 Aquapolis302 Aquapolis329 UrsaCrater558 MagnumMaximus864 UrsaCrater448 UrsaCrater646 AuroraAmor1283 UrsaCrater440 Aquapolis386 MagnumMaximus862 UrsaCrater430 AuroraAmor1482 Aquapolis250 Aquapolis236 UrsaCrater553 AuroraAmor1280 UrsaCrater514 AuroraAmor1210 Aquapolis48 AuroraAmor1257 AuroraAmor1274 MagnumMaximus935 AuroraAmor1240 AuroraAmor1498 UrsaCrater772 MagnumMaximus968 MagnumMaximus917 MagnumMaximus804 Aquapolis47 MagnumMaximus982 MagnumMaximus833 MagnumMaximus1153 AuroraAmor1532 MagnumMaximus961 AuroraAmor1452 AuroraAmor1465 MagnumMaximus952 UrsaCrater527 MagnumMaximus826 UrsaCrater583 UrsaCrater584 Aquapolis69 AuroraAmor1371 UrsaCrater485 UrsaCrater522 MagnumMaximus985 UrsaCrater500 UrsaCrater585 AuroraAmor1428 MagnumMaximus946 Aquapolis210 UrsaCrater711 AuroraAmor1326 AuroraAmor1337 AuroraAmor1418 AuroraAmor1517 UrsaCrater724 MagnumMaximus947 Aquapolis5 AuroraAmor1394 AuroraAmor1305 MagnumMaximus1167 AuroraAmor1273 AuroraAmor1414 MagnumMaximus1086 AuroraAmor1377 AuroraAmor1236 UrsaCrater727 AuroraAmor1227 AuroraAmor1361 MagnumMaximus1133 AuroraAmor1350 AuroraAmor1503 Aquapolis27 Aquapolis214 UrsaCrater554 Aquapolis203 Aquapolis88 MagnumMaximus1105 AuroraAmor1444 MagnumMaximus953 Aquapolis161 Aquapolis270 continent109 continent1134 continent1146 continent153 continent1575 continent1916 continent1970 continent1980 continent2142 continent542 continent661 continent698 continent1019 continent1098 continent1465 continent1891 continent2027 continent2268 continent2321 continent244 continent271 continent314 continent860 continent906 continent1435 continent1790 continent1863 continent193 continent1947 continent2368 continent2407 continent352 continent665 continent759 continent895 continent983 continent1159 continent1375 continent1410 continent1483 continent1708 continent1930 continent2319 continent253 continent302 continent471 continent555 continent709 continent1190 continent1655 continent1951 continent2007 continent2171 continent2196 continent2340 continent2426 continent2469 continent262 continent552 continent974 continent1032 continent293 continent843 continent980 floatingContinent1157 floatingContinent1230 floatingContinent1301 floatingContinent1451 floatingContinent1065,2022-12-14T15:07:58.208548
stake1uyutaet2vpuyc2lphnzv6d2r3sc4pa8uqatp3pmh7h45l7qgt4d7z,Aquapolis135 AuroraAmor1243 UrsaCrater412 AuroraAmor1223 AuroraAmor1284 Aquapolis126 AuroraAmor1270 AuroraAmor1479 UrsaCrater605 MagnumMaximus1183 AuroraAmor1235 AuroraAmor1231 AuroraAmor1288 Aquapolis71 MagnumMaximus875 Aquapolis265 UrsaCrater770 Aquapolis279 AuroraAmor1455 continent1230 continent1403 continent1683 continent1953 continent207 continent2074 continent2089 continent2182 continent2270 continent235 continent32 continent942 continent214 floatingContinent1141,2022-12-14T15:07:58.208553
stake1uypptpgcc44mynttplz0ad3r64u4z2z7g2zlmamh5tc6acqrdtazp,Aquapolis32 AuroraAmor1481 MagnumMaximus887 Aquapolis312 Aquapolis325 Aquapolis216 Aquapolis23 continent128 continent1469 continent1585 continent1783 continent1949 continent2048 continent2214 continent2245 continent2442 continent419 continent695 continent876 continent1101 continent117 continent2382 continent394 continent835 continent939 continent724 continent1219 floatingContinent1318,2022-12-14T15:07:58.208556
stake1u9nrvy5cazufzr004qmgfvmq0jeqcgqae4ahmm2rz6k9m8cnnqft3,UrsaCrater510 AuroraAmor1336 UrsaCrater470 MagnumMaximus1074 UrsaCrater755 AuroraAmor1435 UrsaCrater443 AuroraAmor1488 Aquapolis351 Aquapolis3 MagnumMaximus1120 Aquapolis340 MagnumMaximus1028 MagnumMaximus1115 AuroraAmor1294 Aquapolis379 AuroraAmor1206 Aquapolis254 Aquapolis331 Aquapolis49 UrsaCrater442 UrsaCrater699 UrsaCrater756 Aquapolis243 MagnumMaximus1039 UrsaCrater552 Aquapolis202 Aquapolis105 Aquapolis8 Aquapolis391 MagnumMaximus861 MagnumMaximus874 UrsaCrater775 AuroraAmor1382 MagnumMaximus1189 AuroraAmor1533 UrsaCrater793 MagnumMaximus1059 MagnumMaximus942 UrsaCrater546 MagnumMaximus1156 UrsaCrater482 Aquapolis372 AuroraAmor1445 UrsaCrater769 MagnumMaximus1149 Aquapolis128 UrsaCrater528 MagnumMaximus870 UrsaCrater786 MagnumMaximus1036 continent1544 continent1547 continent1906 continent196 continent2087 continent2115 continent2285 continent299 continent397 continent473 continent540 continent664 continent1297 continent1380 continent1834 continent197 continent2066 continent2073 continent216 continent2190 continent2417 continent392 continent48 continent783 continent1081 continent1391 continent1445 continent156 continent1739 continent1766 continent1838 continent1895 continent2156 continent2418 continent679 continent842 floatingContinent149 floatingContinent457 floatingContinent77,2022-12-14T15:07:58.208561
stake1u9edrc8q2s83dnh9ct02nwpmnk68pnf7vw5syke3qstq25s8pxcpc,MagnumMaximus1023 MagnumMaximus1186 MagnumMaximus1096 MagnumMaximus1147 MagnumMaximus1130 MagnumMaximus1007 MagnumMaximus846 UrsaCrater651 MagnumMaximus988 MagnumMaximus1032 MagnumMaximus1164 MagnumMaximus937 MagnumMaximus817 continent1165 continent1210 continent1234 continent1512 continent170 continent1735 continent208 continent2365 continent368 continent478 continent521 continent680 floatingContinent1116,2022-12-14T15:07:58.208565
stake1u8u898k59tv3tsv0mj2g3ynmld60u4lfmdj3f6p0u289jxq7200ev,UrsaCrater708 Aquapolis18 AuroraAmor1222 AuroraAmor1239 MagnumMaximus1089 Aquapolis399 Aquapolis283 AuroraAmor1329 AuroraAmor1365 Aquapolis58 UrsaCrater762 UrsaCrater409 Aquapolis108 MagnumMaximus1075 UrsaCrater705 AuroraAmor1523 MagnumMaximus894 UrsaCrater513 AuroraAmor1304 MagnumMaximus1152 MagnumMaximus866,2022-12-14T15:07:58.208569
stake1ux42tt9jpktwqzteczgrlfsdh2dv04h03g4akuj66uqkp5gd63u88,Aquapolis310 Aquapolis158 Aquapolis183 Aquapolis361 Aquapolis261 AuroraAmor1228 AuroraAmor1407 continent2390 continent1533 continent168 continent2139 continent297 continent428 continent460 continent463 continent2071,2022-12-14T15:07:58.208573
stake1uxgd7w9zq826hyngveenedkzgfs3c04q5x6adekq6cn86fse8mwml,AuroraAmor1456 MagnumMaximus1085 MagnumMaximus1060 UrsaCrater472 AuroraAmor1470 UrsaCrater424 UrsaCrater455 MagnumMaximus1076 MagnumMaximus1187 Aquapolis357 MagnumMaximus1012 AuroraAmor1420 UrsaCrater751 UrsaCrater493 UrsaCrater689 MagnumMaximus1071 Aquapolis288 MagnumMaximus1117 Aquapolis394 UrsaCrater652 AuroraAmor1380 Aquapolis94 AuroraAmor1565 UrsaCrater593 AuroraAmor1466 MagnumMaximus1179 MagnumMaximus954 MagnumMaximus1138 UrsaCrater744 MagnumMaximus1191 MagnumMaximus905 AuroraAmor1485 MagnumMaximus1140 MagnumMaximus1006 UrsaCrater682 UrsaCrater616 MagnumMaximus1180 AuroraAmor1379 Aquapolis392 Aquapolis67 continent1096 continent2049 continent920 continent301 continent537 continent2103 continent1388 continent1634 continent734 continent1138 continent24 continent1776 continent2499 continent47 continent1065 continent1148 continent1314 continent2149 continent220 continent340 continent408 continent615 continent930 continent1777,2022-12-14T15:07:58.208578
stake1u82lzwr99a4djhgv6c638urscuz86g56jt4vjgfzuw7e49shdtkvm,MagnumMaximus1173 AuroraAmor1464 AuroraAmor1460 UrsaCrater668 UrsaCrater765 AuroraAmor1518 AuroraAmor1434 AuroraAmor1209 MagnumMaximus856 MagnumMaximus973 AuroraAmor1208 MagnumMaximus993 Aquapolis345 AuroraAmor1410 Aquapolis139 Aquapolis301 Aquapolis136 Aquapolis366 MagnumMaximus814 UrsaCrater576 Aquapolis46 UrsaCrater564 AuroraAmor1372 MagnumMaximus860 AuroraAmor1399 UrsaCrater555 AuroraAmor1411 UrsaCrater645 UrsaCrater612 MagnumMaximus998 continent1022 continent1151 continent1284 continent185 continent282 continent430 continent459 continent502 continent57 continent809 continent831 continent989 floatingContinent1251,2022-12-14T15:07:58.208582
stake1uye6kr9fs5e5ajhly02w38jellu7d2mgfwv5vp64s5cydqg9qc9z2,Aquapolis182 MagnumMaximus1100 Aquapolis384 Aquapolis217 AuroraAmor1367 AuroraAmor1323 AuroraAmor1238 AuroraAmor1316 AuroraAmor1211 AuroraAmor1563 UrsaCrater524 AuroraAmor1494 AuroraAmor1393 UrsaCrater626 UrsaCrater446 UrsaCrater459 UrsaCrater637 Aquapolis52 MagnumMaximus978 MagnumMaximus1125 MagnumMaximus1139 AuroraAmor1212 Aquapolis289 MagnumMaximus805 MagnumMaximus859 continent1310 continent1368 continent1525 continent1627 continent1730 continent189 continent224 continent2494 continent674 continent797 continent943 continent987 continent112 continent1346 continent1370 continent1535 continent1803 continent2013 continent363 continent431 continent710 continent735 continent812 continent85 continent1091 continent111 continent1540 continent1853 continent1961 continent1995 continent2242 continent496 continent630 continent720 continent803 continent847 continent1291 continent1341 continent1452 continent1536 continent17 continent1742 continent1794 continent2369 continent2454 continent462 continent559 continent871 continent1136 continent1937 floatingContinent804 floatingContinent740 floatingContinent736 floatingContinent782,2022-12-14T15:07:58.208586
stake1ux2sjguq0vnaena4grnmh03asx65xphu9p0kdqge9qgsa3q0ut9f5,Aquapolis281 UrsaCrater715 UrsaCrater740,2022-12-14T15:07:58.208590
stake1uy984nc3qaj7grw7fv69wz38t87vp3vte5uqe5mnha5zdfqtkda4g,Aquapolis276 MagnumMaximus948 UrsaCrater609 AuroraAmor1521 UrsaCrater695 UrsaCrater791 UrsaCrater509 AuroraAmor1357 Aquapolis363 MagnumMaximus1082 Aquapolis248 Aquapolis165 MagnumMaximus1155 UrsaCrater638 AuroraAmor1568 Aquapolis370 UrsaCrater601 AuroraAmor1512 UrsaCrater533 Aquapolis141 UrsaCrater413 AuroraAmor1366 MagnumMaximus1196 UrsaCrater648 Aquapolis326 MagnumMaximus813 AuroraAmor1487 AuroraAmor1297 AuroraAmor1341 MagnumMaximus810 UrsaCrater790 Aquapolis390 UrsaCrater421 MagnumMaximus906 MagnumMaximus1118 UrsaCrater704 AuroraAmor1254 UrsaCrater619 UrsaCrater778 Aquapolis56 MagnumMaximus1057 AuroraAmor1404 UrsaCrater498 AuroraAmor1536 MagnumMaximus855 Aquapolis348 Aquapolis76 UrsaCrater518 UrsaCrater650 MagnumMaximus1144 MagnumMaximus951 MagnumMaximus1046 AuroraAmor1440 continent1119 continent1147 continent1180 continent1330 continent1728 continent1898 continent2175 continent2314 continent252 continent574 continent656 continent839 continent1003 continent1047 continent1145 continent1300 continent1474 continent1499 continent2043 continent2282 continent267 continent385 continent519 continent686 continent1240 continent1442 continent1576 continent1647 continent1664 continent2012 continent2238 continent2350 continent2413 continent294 continent60 continent888 continent1058 continent1184 continent1274 continent1775 continent2085 continent2252 continent2288 continent388 continent493 continent599 continent641 continent757 continent1035 continent1405 continent1454 continent1753 continent1815 continent1982 continent2383 continent33 continent345 continent751 continent892 continent893 floatingContinent1160 floatingContinent1149 floatingContinent270 floatingContinent263 floatingContinent292,2022-12-14T15:07:58.208595
stake1ux3cw6al8qmrl5hm9ws2tz6wlfpd94fcd45kutasne5kapct2qcs6,AuroraAmor1528 MagnumMaximus1041 AuroraAmor1296 MagnumMaximus1193 UrsaCrater664 AuroraAmor1447 Aquapolis55 MagnumMaximus933 UrsaCrater766 MagnumMaximus871 Aquapolis385 MagnumMaximus1121 MagnumMaximus877 MagnumMaximus914 MagnumMaximus1135 UrsaCrater502 Aquapolis53 Aquapolis245 MagnumMaximus1176 UrsaCrater655 Aquapolis85 AuroraAmor1281 MagnumMaximus1021 MagnumMaximus989 UrsaCrater561 continent1253 continent1455 continent1606 continent1875 continent228 continent2372 continent2427 continent422 continent433 continent59 continent855 continent856 floatingContinent1400,2022-12-14T15:07:58.208598
stake1u8lw3c59jhn495w8f3h7qtx6t7karsy04mhngl0g4tsgeacgz55wk,Aquapolis358 AuroraAmor1403 MagnumMaximus1122,2022-12-14T15:07:58.208602
stake1ux73uy97822gtnkf4mvz68m7ly4jl6ep6gvptlden8q6qtc3lugus,Aquapolis271 AuroraAmor1390 UrsaCrater768 Aquapolis292 Aquapolis123 UrsaCrater674 UrsaCrater534 UrsaCrater672 UrsaCrater618 AuroraAmor1204 AuroraAmor1363 AuroraAmor1405 AuroraAmor1317 MagnumMaximus966 AuroraAmor1348 UrsaCrater586 Aquapolis200 Aquapolis296 continent1027 continent1139 continent1224 continent1754 continent1849 continent1926 continent2078 continent2183 continent451 continent494 continent677 continent951 floatingContinent1004,2022-12-14T15:07:58.208606
stake1uy3qud6yv8e06ct6t9v4h5kufuj2k83trp082qq4kx0vjzcfhsfev,MagnumMaximus1070 MagnumMaximus873 MagnumMaximus808 UrsaCrater541 Aquapolis61 MagnumMaximus958 MagnumMaximus1004 MagnumMaximus994 UrsaCrater697 UrsaCrater690 Aquapolis96 Aquapolis9 continent116 continent2131 continent2370 continent788,2022-12-14T15:07:58.208609
stake1u8w507mahj3kk8wrvgpfmc23vftpkyj6ugl37lutwwh7x8s5vrmkp,Aquapolis140 MagnumMaximus890 UrsaCrater581 UrsaCrater641 UrsaCrater653 continent1049 continent1122 continent1919 continent739,2022-12-14T15:07:58.208613
stake1uyf6q2jryaetx2p5hrl8urkm3ck0t44t848er4lavunfdes2zhclm,UrsaCrater662,2022-12-14T15:07:58.208616
stake1uy27sdy40tl37x0h9u2qgeyzvpddhhq6rtpde7d2djephgq666sp2,UrsaCrater437 MagnumMaximus1073 MagnumMaximus1143 MagnumMaximus1158 Aquapolis144 UrsaCrater465 UrsaCrater683 UrsaCrater431 UrsaCrater450 UrsaCrater549 UrsaCrater410 AuroraAmor1542 AuroraAmor1511 MagnumMaximus963 UrsaCrater696 continent1441 continent1509 continent2399 continent2446 continent744,2022-12-14T15:07:58.208620
stake1ux9au4nkjdtcdn6q62y89d6s768rtadl89g4w42fwdzjefqs0tcq4,UrsaCrater405 UrsaCrater441 UrsaCrater469 UrsaCrater464 UrsaCrater451 UrsaCrater419 Aquapolis22 UrsaCrater726 UrsaCrater468 UrsaCrater452 Aquapolis396 MagnumMaximus865 UrsaCrater423 continent1129 continent1287 continent1301 continent1367 continent1472 continent1697 continent1858 continent2123 continent2198 continent2393 continent274 continent784 floatingContinent902,2022-12-14T15:07:58.208624
stake1uysh4fl0wca9u5zl227ssnexh8tud37svzw7zn2ke4hu7ds2t036s,AuroraAmor1320 AuroraAmor1392 AuroraAmor1448 UrsaCrater416 continent992,2022-12-14T15:07:58.208627
stake1ux354xzqjw0amyq26y89kjtl4cnm4rxwyuuzpwdhemjsvksjuncte,Aquapolis178 Aquapolis91 MagnumMaximus1101 continent1510 continent1977 continent891 continent1580 continent2154 continent2477 continent28,2022-12-14T15:07:58.208631
stake1u9tcsetussaajkskl88l7c594l7que0eqg2uanw4vc3jengf32z6r,Aquapolis45 Aquapolis68 AuroraAmor1381 continent1400 continent1574 continent2476 continent382,2022-12-14T15:07:58.208635
stake1uxmvn6qv64znhtak8cz4n84a6a78tqq03suufwrl2mg5jyg2zlfg0,AuroraAmor1338 UrsaCrater702 AuroraAmor1346 Aquapolis134 MagnumMaximus1017 continent1133 continent546,2022-12-14T15:07:58.208638
stake1uxwarkk4fzd7uctxp9u9errppvqapj5qgc9dyylsjnqr59g5un7jk,AuroraAmor1374 AuroraAmor1362 AuroraAmor1432 AuroraAmor1325 AuroraAmor1388 continent1084 continent1531 continent2106 continent384 continent911 continent2386 continent1233 continent1278 continent1577 continent1925 continent2202 continent2381 continent2479 continent39 continent399 continent611 continent647 continent75 floatingContinent823,2022-12-14T15:07:58.208642
stake1uy7drqz0alt72n5wkqzsudw4h0xtddjwt2vmxu2errn6zeq8w5khc,MagnumMaximus974 AuroraAmor1375 UrsaCrater577 Aquapolis137 MagnumMaximus991 UrsaCrater761 Aquapolis364 MagnumMaximus1161 UrsaCrater680 Aquapolis81 MagnumMaximus1159,2022-12-14T15:07:58.208646
stake1uyxg698kkr0f8r0cy52gc4jzxgh62wkx8hulzprpkwx70ec09lskj,UrsaCrater614 MagnumMaximus807 UrsaCrater630 Aquapolis64 Aquapolis211 Aquapolis222 MagnumMaximus986 AuroraAmor1509 MagnumMaximus1026 UrsaCrater649 AuroraAmor1437 Aquapolis300 Aquapolis224 UrsaCrater721 Aquapolis209 MagnumMaximus1090 UrsaCrater800 UrsaCrater402 UrsaCrater476 MagnumMaximus1084 MagnumMaximus1195 Aquapolis274 Aquapolis371 Aquapolis285 AuroraAmor1429 AuroraAmor1548 AuroraAmor1526 UrsaCrater773 UrsaCrater615 Aquapolis389 AuroraAmor1556 UrsaCrater511 UrsaCrater628 MagnumMaximus990 Aquapolis382 Aquapolis205 Aquapolis278 AuroraAmor1468 Aquapolis333 Aquapolis297 Aquapolis350 MagnumMaximus987 Aquapolis344 UrsaCrater745 UrsaCrater757 Aquapolis36 MagnumMaximus984 Aquapolis155 Aquapolis395 UrsaCrater694 Aquapolis80,2022-12-14T15:07:58.208650
stake1uyft8sdrn7q9ldnqswazum9pww0rdr8mlw29tvdg2r6cccgwee42h,UrsaCrater728 AuroraAmor1539 Aquapolis73 AuroraAmor1555 MagnumMaximus1102 UrsaCrater771 Aquapolis6 AuroraAmor1490 UrsaCrater730 AuroraAmor1318 UrsaCrater449 AuroraAmor1424 Aquapolis375 MagnumMaximus1056 Aquapolis19 AuroraAmor1508 UrsaCrater639 AuroraAmor1387 AuroraAmor1396 UrsaCrater587 UrsaCrater579 MagnumMaximus1129 Aquapolis164 Aquapolis13 Aquapolis72 AuroraAmor1311 Aquapolis355 UrsaCrater538 continent1259 continent1404 continent1852 continent1872 continent2468 continent378 continent504 continent539 continent545 continent575 continent644 continent977 continent1408 continent1607 continent1359 continent1825 continent1903 continent1904 continent1905 continent2024 continent2166 continent2316 continent260 continent556 continent654 continent763 continent950 floatingContinent47 floatingContinent140,2022-12-14T15:07:58.208655
stake1uyj5yrw7zjv6tqktuhgzsfuergaeqder9r9a92y0kjkt8kgfls9wg,Aquapolis192 Aquapolis59 AuroraAmor1552 MagnumMaximus839 MagnumMaximus1049 AuroraAmor1477 MagnumMaximus899 UrsaCrater707 UrsaCrater573 AuroraAmor1383 UrsaCrater776 UrsaCrater497,2022-12-14T15:07:58.208658
stake1uyq0d9ls8reu44sd9rd8vu3kt7ve2sa4vq5vrypp5dzgnfcpe0wkf,UrsaCrater606 MagnumMaximus1108 UrsaCrater701 AuroraAmor1216 UrsaCrater505 UrsaCrater799 AuroraAmor1255 continent1312 continent1579 continent1626 continent1846 continent391 continent479 continent613 continent701 continent139 continent323 continent563,2022-12-14T15:07:58.208662
stake1uygkux35wxnhj6jkkss3ye584h6p4z5j0su0sjmwpckj0mskvycnd,Aquapolis380 UrsaCrater444,2022-12-14T15:07:58.208666
stake1uxh6yar936h5cynmmrt5q4wsu8yy4dqcag7q5ztd9g6tgycrcr8gs,UrsaCrater667 AuroraAmor1343,2022-12-14T15:07:58.208670
stake1uxpslkjrp386xvruqnjf4qdctlcw08v0upezpn4zvr78c0ghr2xcv,Aquapolis320 Aquapolis93 AuroraAmor1260 MagnumMaximus1165 Aquapolis10 AuroraAmor1496 MagnumMaximus1081 continent1248 continent1269 continent1689 continent1745 continent1800 continent1967 continent2041 continent2091 continent2302 continent2447 continent694 continent837 floatingContinent1260,2022-12-14T15:07:58.208673
stake1u9zw92mdzamclmqxa5s6l0lyklc0rrcs2yd85ud6uauw56gm0sph4,MagnumMaximus1151 MagnumMaximus885 continent1002 continent1357 continent386,2022-12-14T15:07:58.208677
stake1uxmhttdj4qm25s6s45kqjv25l2duva7vjk8h5h88l0kknnsrpmrgt,UrsaCrater671,2022-12-14T15:07:58.208680
stake1uxpkmr609y7dwww3zkgaqaa70vzn0l369knvuc9se6zl9rqdkxexf,AuroraAmor1515 AuroraAmor1292 MagnumMaximus1112 Aquapolis195 UrsaCrater532 Aquapolis201 AuroraAmor1538 MagnumMaximus1166 MagnumMaximus971 MagnumMaximus1030 AuroraAmor1293 UrsaCrater644 MagnumMaximus918 AuroraAmor1430 Aquapolis227 AuroraAmor1472 Aquapolis259 MagnumMaximus1047 Aquapolis360 MagnumMaximus908 AuroraAmor1549 UrsaCrater539 continent1364 continent1399 continent1429 continent1443 continent1676 continent1699 continent1962 continent2006 continent2086 continent2436 continent622 continent954 floatingContinent712,2022-12-14T15:07:58.208684
stake1u93zyaa56dp5cgqn9s25a5k7nsvp2pzn8gl80v6myp749pgnu7xdy,UrsaCrater414 AuroraAmor1282 UrsaCrater562 continent2032 continent981 continent1715 continent1997 continent449 continent880 continent1322 continent1770,2022-12-14T15:07:58.208688
stake1uxfl6w3t207z5cmt78h6uvysksc4kescg6jfmjxx0x7m3nsj9cgvl,UrsaCrater588,2022-12-14T15:07:58.208690
stake1u9t0rgzu4r0y905md2u32haz3uvdkpxzgw2d8k5uvzucltsdlc26f,MagnumMaximus888 MagnumMaximus822 MagnumMaximus841 MagnumMaximus1099 MagnumMaximus838 continent175 continent2269 continent296,2022-12-14T15:07:58.208693
stake1uyh5h2wr3e22hzhcaygk8v7etngtgdtrh2lv6gtlc2tgtmckf55d6,AuroraAmor1264 AuroraAmor1409 MagnumMaximus1001 AuroraAmor1272 AuroraAmor1244 AuroraAmor1252 continent2310 continent2462 continent730,2022-12-14T15:07:58.208697
stake1uy5qy8cfv9qu3u2m5m73mm8k7dl629shd0ln2jctktkmyqq40pket,Aquapolis138 MagnumMaximus836 continent1010 continent1167 continent1222 continent1430 continent1622 continent1677 continent1814 continent1860 continent194 continent259 continent360 continent560 continent662 continent771 continent91 floatingContinent467,2022-12-14T15:07:58.208701
stake1u8fq3rujdn4d9kque74zuenpwwvegff8kzc6f0yy4yw702camgjve,AuroraAmor1505 Aquapolis280 Aquapolis29 UrsaCrater781 continent1075 continent2279 continent2338 continent2480,2022-12-14T15:07:58.208704
stake1uxqh9rn76n8nynsnyvf4ulndjv0srcc8jtvumut3989cqmgjt49h6,UrsaCrater567 UrsaCrater516 UrsaCrater578 MagnumMaximus853 MagnumMaximus893 Aquapolis257 MagnumMaximus1123 Aquapolis328 Aquapolis77 MagnumMaximus1077 MagnumMaximus880 UrsaCrater512 UrsaCrater540 AuroraAmor1510 UrsaCrater483 UrsaCrater486 AuroraAmor1525 UrsaCrater575 Aquapolis173 Aquapolis177 AuroraAmor1302 UrsaCrater746 Aquapolis359 MagnumMaximus979 AuroraAmor1234 UrsaCrater420 Aquapolis303 AuroraAmor1478 Aquapolis240 MagnumMaximus1000 Aquapolis171 Aquapolis273 AuroraAmor1347 AuroraAmor1406 AuroraAmor1545 AuroraAmor1427 UrsaCrater418 Aquapolis322 UrsaCrater484 AuroraAmor1221 MagnumMaximus819 MagnumMaximus931 Aquapolis20 Aquapolis83 MagnumMaximus957 MagnumMaximus902 AuroraAmor1369 AuroraAmor1419 MagnumMaximus912 Aquapolis148 AuroraAmor1530 Aquapolis234 Aquapolis237 MagnumMaximus858 MagnumMaximus1050 MagnumMaximus900 MagnumMaximus995 UrsaCrater478 Aquapolis226 Aquapolis99 AuroraAmor1400 Aquapolis104 AuroraAmor1322 MagnumMaximus944 AuroraAmor1413 MagnumMaximus949 MagnumMaximus1119 Aquapolis256 MagnumMaximus1106 Aquapolis1 MagnumMaximus889 UrsaCrater700 UrsaCrater656 UrsaCrater506 AuroraAmor1492 MagnumMaximus863 AuroraAmor1267 AuroraAmor1489 AuroraAmor1401 MagnumMaximus830 UrsaCrater720 continent1369 continent1640 continent2072 continent2197 continent2432 continent393 continent411 continent437 continent477 continent511 continent69 continent894 continent982 continent1713 continent2116 continent527 continent322 continent1328 continent450 continent561 continent1356 continent1945 continent973 continent1918 continent725 continent1012 continent1231 continent2255 continent1363 continent1432 continent1639 continent1762 continent1170 continent1350 continent1698 continent1843 continent2090 continent2185 continent2257 continent2416 continent291 continent531 continent838 continent946 continent1932 continent2487 continent600 continent557 continent2341 continent729 continent1496 continent2025 continent945 continent2312 continent1865 continent213 continent338 continent944 continent1931 continent420 continent2401 continent1670 continent525 continent2291 continent506 continent929 continent1660 floatingContinent585 floatingContinent665,2022-12-14T15:07:58.208710
stake1u8rh4kfcm5fu2zq0r5g0wugwdprz6kg2utrr6j38atx00pslj8ja9,AuroraAmor1312 MagnumMaximus872 continent343,2022-12-14T15:07:58.208714
stake1u8n78ww9n33agz5cn6p2xnm430snnpqjka3l67x6clywrhq0faxxm,UrsaCrater748,2022-12-14T15:07:58.208717
stake1uye9v9wh9smy8ep2mu77tx7krq9n7xzd42mwguzhs868u3qd3jmfz,Aquapolis318 AuroraAmor1349 AuroraAmor1502 continent1740,2022-12-14T15:07:58.208721
stake1u9nj2t0w6r2vvgmqkhzyczhk4qd89v6uvg7vu3ydk9umsacwvxc4m,MagnumMaximus1150 AuroraAmor1334 MagnumMaximus1178 MagnumMaximus1064 MagnumMaximus1014 MagnumMaximus1048 MagnumMaximus1069 MagnumMaximus1053 MagnumMaximus1145 MagnumMaximus1015 MagnumMaximus1092 MagnumMaximus1019 MagnumMaximus1045 MagnumMaximus1087 MagnumMaximus1094 MagnumMaximus1043 continent1907 continent1021 continent1030 continent1095 continent1321 continent1342 continent1447 continent1522 continent2063 continent2289 continent263 continent732 continent867 continent1733 continent415 continent769 continent984 continent1173 floatingContinent915,2022-12-14T15:07:58.208725
stake1uxhh793m52c5fgzazfq4asp3wff33h5ac88fgeca2v6vr6ghrh2d0,UrsaCrater466 Aquapolis308 UrsaCrater481 UrsaCrater426 UrsaCrater718 continent1306 continent1366 continent1631 continent1924 continent1934 continent1994 continent2140 continent361 continent550 continent573 continent689 continent882 continent331 continent1140 continent1771 floatingContinent1367,2022-12-14T15:07:58.208728
stake1u99m6fhpzqehzjc0fme0d0nhw826yeqknzv9ufdv95jzw7gvu9aaa,AuroraAmor1286 MagnumMaximus1172 MagnumMaximus829,2022-12-14T15:07:58.208732
stake1uy7ws0ur4prrqmsvxwqekjhmn9a27jd2jltcpzjp4sez06c6uazc3,Aquapolis146 UrsaCrater508 continent2010 continent2229,2022-12-14T15:07:58.208736
stake1u8mxh9kpz2k33jvs02k5ddceetd9k50m9h06jku8zd4pvacjmqyfw,AuroraAmor1285,2022-12-14T15:07:58.208738
stake1u9n20407rnr53p9arpvszfvvazsa4ezen2gk20fzda32yts0rstd8,UrsaCrater783 UrsaCrater610 UrsaCrater613 UrsaCrater692 UrsaCrater480 AuroraAmor1495 UrsaCrater617 MagnumMaximus1009 MagnumMaximus895 AuroraAmor1353 AuroraAmor1256 AuroraAmor1342,2022-12-14T15:07:58.208741
stake1uxt0x5rxu3spyxkdnutjaj2lm9ksc4vaxctarne78s56xrgjk0kk3,Aquapolis253 Aquapolis51 UrsaCrater496 AuroraAmor1276 Aquapolis229,2022-12-14T15:07:58.208746
stake1uy80e484eu6slm5qp532vjr2yt6z8p6q98uzuruqm4z608cnmmnze,Aquapolis75,2022-12-14T15:07:58.208750
stake1u83v638f0hgkqewdh6eh5fzdhxunuzs6pa0zqwqmpzrjp2qxl2n8c,AuroraAmor1469 continent1107 continent1927 continent2046 continent976,2022-12-14T15:07:58.208755
stake1u8f6syvn7rlg6env0tgsuemz038e4fn925pvc55vhgtuqaq5pajgn,MagnumMaximus910 UrsaCrater519 UrsaCrater753 AuroraAmor1491 MagnumMaximus1192 MagnumMaximus903,2022-12-14T15:07:58.208761
stake1uxf29vwpsx4mwkmrl6z4yxy5vrgz9xeqwgvqcu74rs8fukgtkgs0d,UrsaCrater560 UrsaCrater544 AuroraAmor1416 UrsaCrater520 UrsaCrater547 UrsaCrater523 MagnumMaximus1031 Aquapolis313 MagnumMaximus825 UrsaCrater677,2022-12-14T15:07:58.208766
,Aquapolis356 MagnumMaximus1142 Aquapolis365 MagnumMaximus831 UrsaCrater752 Aquapolis199 AuroraAmor1298 AuroraAmor1513 AuroraAmor1417 AuroraAmor1279 Aquapolis14 AuroraAmor1527 MagnumMaximus827 UrsaCrater411 UrsaCrater517 AuroraAmor1454 AuroraAmor1534 AuroraAmor1544 AuroraAmor1537,2022-12-14T15:07:58.208774
stake1ux7eqqnehmnddv9jdx2k0mauxxraagq2frvxscmngernymg7uk2m8,MagnumMaximus1182,2022-12-14T15:07:58.208780
stake1u8kacddzg3yd77j3fenwy6ahx3mn89a4mprwyjrpdy2sd6qylv375,MagnumMaximus1111 MagnumMaximus815,2022-12-14T15:07:58.208786
stake1u8r0nq0782t72alatyem3wn8amxwuqd47jmpa72kq4ku8yca7r6f3,AuroraAmor1315 UrsaCrater495 UrsaCrater625,2022-12-14T15:07:58.208791
stake1uxe3v8dclnkrs8epsapnhqke4g38zya54glkw5msjywp02gja2efd,AuroraAmor1441 MagnumMaximus1042,2022-12-14T15:07:58.208796
stake1u9sh73sst2xn23rqynwygkawma42xkafwfapjgqzqta9q6cfvd3c0,Aquapolis321 Aquapolis381 AuroraAmor1501 MagnumMaximus950,2022-12-14T15:07:58.208803
stake1u92fc26zptwnwl46qr093v6zdxw6fljjt6h8853cc64q75gz9zl3h,AuroraAmor1271 AuroraAmor1242,2022-12-14T15:07:58.208810
stake1u8xf5s390qepltperxgret52vvrv0tyhqh7u54h7t7ulg0ck2gcc3,UrsaCrater787,2022-12-14T15:07:58.208816
stake1uy4hywpcx78qpyyk9rr76tzke9dlx8jycdveg3hf02rf8usjpc6v5,Aquapolis225 continent2333 continent726 continent1620 continent811,2022-12-14T15:07:58.208823
stake1u9cgh9lu8sasf9ygsjvwplhaw3w7jajmqjd7l0ys2kqh59g9p2tlk,UrsaCrater489 Aquapolis92,2022-12-14T15:07:58.208827
stake1uxkp9aug3wj9n9dnw02r2a57lzpt5r0hvr6v2lrdsmnhzys0wya49,Aquapolis97 AuroraAmor1219 UrsaCrater691,2022-12-14T15:07:58.208832
stake1u8mpawakgw06auwfedjt3afvwgylwf7668vk3yagh5tqkaq98vw6q,MagnumMaximus1146 MagnumMaximus806 UrsaCrater445,2022-12-14T15:07:58.208838
stake1uys8la7hsq7p7y0vymzat8qf28pjk48fh3mjklvsrnx5m3gc2z24h,Aquapolis121,2022-12-14T15:07:58.208844
stake1uyr9nn7tes8hzdt9gpzksumwj6akj8q20lpa75m6t9xzw2q42jatd,MagnumMaximus1078,2022-12-14T15:07:58.208849
stake1uxgg8w4fkqlzqp8fcxytr2zmwmlnm5yhz87e0ej500kzxjcndzsq3,UrsaCrater537,2022-12-14T15:07:58.208854
stake1u860ee4zk3lp30lqq3mdl9tt7t2frw65kzuxwmutnvmqq9cc0uwph,Aquapolis110 UrsaCrater417,2022-12-14T15:07:58.208858
stake1uxjdgelh5ux8kyq8pgfc8enwufn87tk9my0wj75vxtqt5lqr7fjh5,Aquapolis95 AuroraAmor1203,2022-12-14T15:07:58.208863
stake1uy9hu0pn9g9dehtkyefdstl0v2c6sfsdjf04aey5vr4kj9czdflkq,MagnumMaximus1113,2022-12-14T15:07:58.208868
stake1u94une009wn8a32ekpuf0s06e8swp8rhw69d955zv999dmqxgm0m7,UrsaCrater428 UrsaCrater580 UrsaCrater634 UrsaCrater624 AuroraAmor1475 AuroraAmor1225 AuroraAmor1310 MagnumMaximus1109 UrsaCrater622 Aquapolis11 Aquapolis337 AuroraAmor1373 Aquapolis172 Aquapolis82 AuroraAmor1550 MagnumMaximus1137 UrsaCrater685 Aquapolis16 UrsaCrater565 Aquapolis347 AuroraAmor1514 MagnumMaximus1054 MagnumMaximus925 UrsaCrater598 Aquapolis44 AuroraAmor1540 MagnumMaximus820 continent1200 continent2098 continent318 continent808 continent1143 continent1381 continent1673 continent1756 continent2346 continent2357 continent794 continent922,2022-12-14T15:07:58.208875
stake1uygjs8t7wzrcl67zelggdg43sv5u5lugf27wlhvvac2jfusv8lsdv,MagnumMaximus1040,2022-12-14T15:07:58.208880
stake1u9gyeq64ghxxa2n8wpn9y2m2zjsfeyv9p4ql5psrc5rfdcs6etvgx,Aquapolis284 UrsaCrater739,2022-12-14T15:07:58.208884
stake1uxhrm3u36h3gd7e0q6plywllypefsmgyte4manz3ehkw39cvyg8xx,Aquapolis50 Aquapolis166,2022-12-14T15:07:58.208889
stake1uxkf0va2eywuasddkjpw8z2wcw65fp36k840h00rs7y6r0qcqpe2w,AuroraAmor1229 continent1073 continent1152 continent1389 continent151 continent1569 continent1603 continent1888 continent2170 continent269 continent482 continent637 continent908 floatingContinent789,2022-12-14T15:07:58.208895
stake1u9kxxg2mu2ek68m4fm5nqnjqfyyecrv79p7cduddaw05cus3a2pa6,AuroraAmor1258,2022-12-14T15:07:58.208902
stake1ux6ztk37p76e2e93tu86heddnstw77haapkm46mlszrq7pgp5keyy,MagnumMaximus1016 MagnumMaximus1190 UrsaCrater681 continent1104 continent1503 continent285,2022-12-14T15:07:58.208908
stake1uyzy3ud2zkul0htrgt7s2pyu9yfqjnskyecngpm3uyn3zlqegsxt6,MagnumMaximus842 AuroraAmor1249,2022-12-14T15:07:58.208913
stake1uxnz4g2y95zurdh27qxv70hplftmfsj0ftudyd09drrpq6qpqv5xj,UrsaCrater570 AuroraAmor1245 MagnumMaximus1114 AuroraAmor1408 Aquapolis213 continent1292 continent1885 continent30,2022-12-14T15:07:58.208920
stake1u94n7hza8g39gvp9mzd5cqnc47f7f248fyt87jkdqyw70gsklkwvf,Aquapolis102,2022-12-14T15:07:58.208925
stake1uyttkzh5zh6sph6vm9supyufkfayk97q20mrms59juruwdcxqcxf6,Aquapolis354,2022-12-14T15:07:58.208929
stake1uyc9tem2r3l020xj3zx83hmnedz3x380g7dj0fjvaghnmycl2dmpg,MagnumMaximus1061 MagnumMaximus1175 Aquapolis346 UrsaCrater467 continent1085 continent167 continent2347 continent766 continent2330 continent2293 continent1063 continent2016,2022-12-14T15:07:58.208935
stake1u9q084yl7q6f4zu0wenzg4xme9t99adctawm0e54d6kh60shuf6qz,Aquapolis388 UrsaCrater603,2022-12-14T15:07:58.208941
stake1u9ynzx4qxhm0su3g2qwa7gm29sxcdgd7gxxj7le76sxntjszxdmd8,AuroraAmor1287 Aquapolis208 MagnumMaximus847 UrsaCrater642 Aquapolis242 MagnumMaximus1051 MagnumMaximus840 AuroraAmor1230 continent1007 continent1050 continent1229 continent1563 continent1703 continent1710 continent2280 continent2320 continent2404 continent265 continent714 continent988 continent1247 continent1581 continent1923 continent23 continent2337 continent2466 continent2470 continent272 continent351 continent565 continent572 continent938 continent121 continent1285 continent1371 continent1555 continent2125 continent2159 continent2323 continent432 continent609 continent728 continent865 continent956 floatingContinent1480 floatingContinent52 floatingContinent875,2022-12-14T15:07:58.208948
stake1uxyz99a249083awu4yc2wvm2dy6ackn4kv09p0z3jglya2qlxamad,MagnumMaximus1038 Aquapolis87 MagnumMaximus1013 AuroraAmor1497 Aquapolis330 continent1176 continent1308 continent1721 continent2212 continent280 continent997 continent136,2022-12-14T15:07:58.208955
stake1uxjjrs05pz49755whwft8spzrdvr0cxj54t8lg4rzm0rxngfmnjde,Aquapolis275 MagnumMaximus1132 UrsaCrater473 Aquapolis189 Aquapolis15 Aquapolis286 Aquapolis307 AuroraAmor1290 continent118 continent1187 continent1446 continent1596 continent1668 continent2165 continent2344 continent284 continent485 continent567 continent773 continent850 floatingContinent469,2022-12-14T15:07:58.208960
stake1u8m8sfwndu8hrjgzvefjc3der635uaqzrcaxf3z5yqp0rushx0e5g,AuroraAmor1423 UrsaCrater475 MagnumMaximus975 MagnumMaximus1197 MagnumMaximus1068 UrsaCrater439 AuroraAmor1269 MagnumMaximus1022 MagnumMaximus1093 AuroraAmor1476 UrsaCrater635 Aquapolis342 MagnumMaximus1110 continent1069 continent1286 continent1538 continent1553 continent1619 continent2186 continent2267 continent2376 continent2387 continent55 continent66 continent746 floatingContinent861,2022-12-14T15:07:58.208966
stake1u8hwn8w8xcqgpmzr5ffdhvp0lwx99m30ahm4qrczh6sz7hcykmelr,AuroraAmor1340 UrsaCrater629,2022-12-14T15:07:58.208971
stake1uypdwdkp2ecnflyglaw66m3g0aknhpay38tc9akwh3k8uagmkrhrt,MagnumMaximus1063,2022-12-14T15:07:58.208976
stake1uymajsa2md8aqc9t673cq6vw4k5kdracwwlpg90uvwankksquklxd,MagnumMaximus1116 continent1070,2022-12-14T15:07:58.208981
stake1uycl6sy5ewytqvj3420dcjqa6at2xxfm82jqwhfrucamqpsgwmqaj,Aquapolis309 continent2119,2022-12-14T15:07:58.208985
stake1uy470mkjv5g70ftjfeeg0j0y7a6xd4zp4tqqlg0p5pff8jgzmnd4u,MagnumMaximus802 continent100 continent1202 continent513 continent642 continent1118 continent1251 continent1550 continent1681,2022-12-14T15:07:58.208991
stake1uywv5uqcw0fpmv6chchj3n7nvhjtdqlnkxl0yy8jas2hx0gfz3fqw,Aquapolis132 Aquapolis327 UrsaCrater594 continent1213 continent1281 continent1392 continent1521 continent1876 continent1952 continent2200 continent2247 continent2457 continent2495 continent468 continent952 continent2187 floatingContinent1324,2022-12-14T15:07:58.208996
stake1u9gnafvezdl8g3few37js597c9le2tpeles6vhnsvdd3z7c0uupzc,AuroraAmor1319 UrsaCrater566 UrsaCrater785,2022-12-14T15:07:58.209002
stake1uxluy5hvjc2u574jx6f3n757n47qumlrl3tfcgsxzqplvfcq2uvkf,UrsaCrater479 UrsaCrater798 UrsaCrater401 continent1045 continent1120 continent346 continent1506 continent200,2022-12-14T15:07:58.209009
stake1u9lxcpw2cy9a56f4mps849yz3wx4aw2349g033tmyazuf6q05uqwh,MagnumMaximus959 UrsaCrater763 MagnumMaximus1107 MagnumMaximus857 MagnumMaximus921,2022-12-14T15:07:58.209016
stake1u9qjd0uq8cae0txn5nm2x44294w7ur8m70xuu8cy6meu0qcv57qu7,AuroraAmor1321 continent1566,2022-12-14T15:07:58.209022
stake1uyk0pm34f25fyj5p9znnmyjk3yrqqyaw8c9qlzh9gqg2faq7uaq4t,UrsaCrater490 MagnumMaximus972 MagnumMaximus962 UrsaCrater477 UrsaCrater782 AuroraAmor1541 AuroraAmor1446 UrsaCrater403 UrsaCrater408 Aquapolis197 Aquapolis28 MagnumMaximus1029 MagnumMaximus1055 MagnumMaximus955,2022-12-14T15:07:58.209028
stake1u9djker6mru8356sgehykp7fj7k8vq0qrupk3rkscdglndgjvwhjg,UrsaCrater673 UrsaCrater767,2022-12-14T15:07:58.209034
stake1uyrzx5kuhfeda9kh3pzdvtcy82msh4zsfc9revvrj7c6yjcx39jxc,Aquapolis238,2022-12-14T15:07:58.209037
stake1u86x6r6hxv5r044scwmuvje5lucdxdaxsd80jdcrzs29v9seuyanr,AuroraAmor1352 UrsaCrater678,2022-12-14T15:07:58.209041
stake1uyth8j5mescyds49nftwetddm8zc2gk9dlquvt4cu8zj8eg9n8gyn,Aquapolis262 AuroraAmor1327 MagnumMaximus909,2022-12-14T15:07:58.209045
stake1u90rtxqmr6mrr5jtg0r38sn98g7y6kfafr5w3wemmsgckysk95h8v,Aquapolis40 MagnumMaximus892 Aquapolis26 MagnumMaximus1163 Aquapolis293 AuroraAmor1241 AuroraAmor1467 AuroraAmor1422 MagnumMaximus916 continent1011 continent1257 continent1348 continent2130 continent2298 continent442 continent536 continent61 continent684 continent705 continent817 continent854 continent564 continent74 continent795 continent2051 continent65 continent779 floatingContinent610,2022-12-14T15:07:58.209048
stake1uxpk2aq0g42dt46329uysqh6tw6mj2mpxp5heh4er52szggpsufaq,Aquapolis315 continent1157 continent71 continent520 continent92,2022-12-14T15:07:58.209052
stake1u8h73zqxve6llkz35jhrrfj3arkgqaskwhg8mh7k446q92qxx2827,MagnumMaximus1126 UrsaCrater604 AuroraAmor1224,2022-12-14T15:07:58.209055
stake1u9y434nhrqpe20gh3e05tnact6ge9xqc0ll50xwml2su4xq2tuwtp,MagnumMaximus911,2022-12-14T15:07:58.209058
stake1u974u34myk4pe20y65zq6h6ckafhnpxxx0gjt7yzwv2rh6slr9g8v,Aquapolis33 MagnumMaximus801 UrsaCrater729,2022-12-14T15:07:58.209061
stake1u8u3dduu63uhy5jgxsysf6xc94km4n3pvmxvl2r3chtk2cq6v9h5d,Aquapolis131 continent1116 continent1117 continent1252 continent1327 continent1798 continent2450 floatingContinent698,2022-12-14T15:07:58.209065
stake1uy56sureqevdy9yu8j54w40tz3zyejqsgdau2tcfzda3a7c90s20c,AuroraAmor1354 Aquapolis160 continent130 continent205,2022-12-14T15:07:58.209069
stake1uynwy7a625fcgj8gg2nv3tcar04my0udxja4me5j7s2gurctal6xd,AuroraAmor1218,2022-12-14T15:07:58.209072
stake1u9ngnpnr8zg9pzhsuddy9xeaf7s8xwyd4rye9ccxqqpcq7c235fkt,Aquapolis127 AuroraAmor1339 MagnumMaximus850,2022-12-14T15:07:58.209076
stake1u87cl3j8gchhxg3j734cskje456a90eehf5dhdwsd9ms26cwd9svh,AuroraAmor1459,2022-12-14T15:07:58.209078
stake1uxx9mgaj3hpqwfkqjl7cy9clmzvkseej7ggf3svn58qmdxsademua,Aquapolis117 MagnumMaximus867 Aquapolis89 UrsaCrater686 UrsaCrater749 UrsaCrater659 Aquapolis112 Aquapolis159 Aquapolis190 Aquapolis174 MagnumMaximus818 MagnumMaximus823 Aquapolis233 MagnumMaximus967 Aquapolis235 Aquapolis305 UrsaCrater457 UrsaCrater784 Aquapolis124 Aquapolis119 Aquapolis156 Aquapolis196 continent1372 continent146 continent1511 continent1617 continent1867 continent2011 continent2077 continent2095 continent2127 continent2406 continent281 continent667 floatingContinent436,2022-12-14T15:07:58.209082
stake1u9rzfwgq0wt0tsst2s6fzfq4zus5x4gt7lp9hehgz9k5gzgnx8dta,Aquapolis107 AuroraAmor1300 UrsaCrater432,2022-12-14T15:07:58.209085
stake1uxjf9x39jv0euveqnlqme2q38nls80q8cy4qryzrqvnngpsq7k9mr,AuroraAmor1303 AuroraAmor1358,2022-12-14T15:07:58.209089
stake1uysr5eeq356eyuc0nk0df4dcwujr0s2tecrx7lfd0ul6yecs47maw,Aquapolis163 continent834,2022-12-14T15:07:58.209092
stake1uynqwdtawpv6pcna85rwfyea0mr5wtnxqf8v8cdmuj96qsga2d76r,Aquapolis7,2022-12-14T15:07:58.209095
stake1u8sxhl7ra7w9sp2d42n5kpu3yyxdeecvgd6d24wp39qhkrskpqg5h,Aquapolis368 MagnumMaximus884 UrsaCrater754,2022-12-14T15:07:58.209099
stake1uxv0jd2e7w2uql4httkju8p4qn4n6lhygle0fjtwk3gyajqvx54az,MagnumMaximus886 UrsaCrater492 UrsaCrater788 UrsaCrater636 continent1023 continent1044 continent113 continent1172 continent1332 continent1567 continent1638 continent1724 continent1912 continent2353 continent2471 continent505 continent2396 floatingContinent668,2022-12-14T15:07:58.209102
stake1u860gmmnh4pvqhfjkqwd277kekfuf5mtwmrd40mg5pxjr4cunqw36,Aquapolis268 Aquapolis25,2022-12-14T15:07:58.209106
stake1u8rsft9xhc2q40maed6a6u4e0m2smvn689wzj2a28fp4n7sdr8vg7,Aquapolis349 continent1588 continent131 continent1807 continent1811 continent635 continent1714 continent2094 continent2101 continent2488,2022-12-14T15:07:58.209110
stake1uyktmxxnf0quguxqm0rf3mgvwqprgsnjsxa8lmn8dwuy2ys6nhw5t,Aquapolis376,2022-12-14T15:07:58.209113
stake1u8eshsrh4egfkz5xdwg7ejqktr96a97vnycek3hwgx2qqfgyae3kv,UrsaCrater436 UrsaCrater607 UrsaCrater735,2022-12-14T15:07:58.209117
stake1u89zv8drd4pdku2zmpfy97nvs4u8lze3dw8cwusreus5hccc3scf6,AuroraAmor1426 AuroraAmor1493,2022-12-14T15:07:58.209119
stake1ux98c8ksg3f8z4vnpyk95vjvk4cvtdgx8mjcvrwmehdmyagvd86y4,MagnumMaximus1128 continent152,2022-12-14T15:07:58.209123
stake1ux92a66pl656nzt3egzkdnjkmflk65wfg5705gu86mnjfwqwa94ng,Aquapolis377 continent2128 continent1178,2022-12-14T15:07:58.209125
stake1uypvgw7tvq0ww9xc64cqd0r852ymeud8w86u2ejas68m3vsum2heg,UrsaCrater693 UrsaCrater665 UrsaCrater611 UrsaCrater688 continent104 continent1048 continent11 continent1295 continent150 continent1887 continent2157 continent383 continent44 continent458 continent73 continent826 continent737 continent1156 continent1174 continent1398 continent1419 continent1431 continent1498 continent1518 continent1628 continent1818 continent2349 continent827 continent885 floatingContinent426 floatingContinent354,2022-12-14T15:07:58.209129
stake1u9k249j4xxw0tgzsnu7z7j3vdxj6wfdvdtdd25y9jlgmmcs929n9h,MagnumMaximus1169 MagnumMaximus1154 MagnumMaximus1103 UrsaCrater741 continent1583 continent1909 continent2210 continent899 continent904,2022-12-14T15:07:58.209133
stake1u8lrttjq0k3wll3eajm0mnl0zufw4qgzsq5smtxpv3emyec2l9jdd,Aquapolis54 AuroraAmor1453,2022-12-14T15:07:58.209136
stake1u97yrvevjdfq40hn79344e6a4hkp5mjqdmwv59qt56f0kpspur8vw,MagnumMaximus835 UrsaCrater462,2022-12-14T15:07:58.209138
stake1u87v3xvf6agx35xctqszcq9wcan5ku86vv7t3ddvw570reghth922,Aquapolis291 AuroraAmor1535 MagnumMaximus1033 Aquapolis111 Aquapolis198 Aquapolis194 AuroraAmor1246 AuroraAmor1306 Aquapolis74 AuroraAmor1462 continent1309 continent1444 continent1587 continent2228 continent2272 continent2325 continent588 continent752 continent77 continent879 continent921 continent985 continent2193 continent2235 floatingContinent1207,2022-12-14T15:07:58.209142
stake1uxwjyxmf9s3dcv5wlzask07qmmwrs50uwgp2mx7lvg289xs0dsswu,UrsaCrater460,2022-12-14T15:07:58.209145
stake1uxeyzmen377xtdxpcyjq4084uqv5fm59tlkqan2kavq75cgphnre8,UrsaCrater687 Aquapolis30 AuroraAmor1547 MagnumMaximus1072 UrsaCrater679 continent1108 continent1318 continent2099 continent2169 continent1827 continent1017 continent1494 continent1658 continent1801 continent1828 continent1939 continent226 continent2266 continent2345 continent2366 continent29 continent474 continent702 continent2144 floatingContinent1261 floatingContinent954,2022-12-14T15:07:58.209149
stake1uxrgzpmzsmnvdn6q9e7p7a2wqqs0ff0808j94hyjmpdjlaszuhkw4,UrsaCrater647 continent429 continent452 continent62 continent8,2022-12-14T15:07:58.209153
stake1uy6tm59yf7eunp7ghf59s6yfan0f4820cm6wtean6ck5q7qyujjyq,MagnumMaximus920,2022-12-14T15:07:58.209155
stake1ux26yj47eeu7q2wker5kje3xhgftcqwfsv93mwtlxlm6zygenppc8,UrsaCrater543,2022-12-14T15:07:58.209159
stake1uxkvc7zelh9jtyjwtzlerryfsymn0wudrtx4k5lt0chwh0gp8670e,UrsaCrater602 continent16 continent645,2022-12-14T15:07:58.209161
stake1uyckc64alwl0xucq4xc5kyq46rdgwemzhqsa4e6w20f6wgc38s3qv,Aquapolis114 AuroraAmor1421 MagnumMaximus1200,2022-12-14T15:07:58.209164
stake1uyvrdlx9y5vyalppz0s6hrqgdsw49kh33hmkc9rx7mt7a7qphyfjh,UrsaCrater654,2022-12-14T15:07:58.209167
stake1u8l8khcfqyjwqaly9tu07upumk4hta5f9r5wdgplzf2vsagledhhk,UrsaCrater797,2022-12-14T15:07:58.209171
stake1uy0tvq90z4vrgzcmct60gkgx79m069en75aeme9hvtsztwchw4enx,AuroraAmor1449,2022-12-14T15:07:58.209174
stake1u9fhucxtvycz98a758eveth3ttfyg9d95w7ax3jx996jexsaac465,Aquapolis272 Aquapolis319 AuroraAmor1507,2022-12-14T15:07:58.209177
stake1ux3ag6uknf7ragelttuwv6cc04fpy5yyuutxj992h9z544qn48vwa,UrsaCrater458 MagnumMaximus868 AuroraAmor1278 Aquapolis397 AuroraAmor1458 AuroraAmor1543 UrsaCrater633 UrsaCrater747,2022-12-14T15:07:58.209180
stake1u8sw9a0y2z9xqavjp5mfxuul7pun6leau63qfyqnxuldfzqhp2x25,MagnumMaximus1136,2022-12-14T15:07:58.209184
stake1u9rf82nhdjtwglce390yy3gwc5w9hef8zvlxlwr8n2xpv8q47gytp,Aquapolis298 Aquapolis37 AuroraAmor1331 Aquapolis133 AuroraAmor1463 UrsaCrater545 AuroraAmor1385 UrsaCrater574,2022-12-14T15:07:58.209188
stake1u9tnd9wnl2hs3ms2c9kj5mmg9cc5k83qy3ggw6g9qtyegwg066fsq,MagnumMaximus915,2022-12-14T15:07:58.209191
stake1u9qpadgwx3llzv77hzmyjf0klhzna8a8gzqelcgpkqljx9cfwk8m6,UrsaCrater632,2022-12-14T15:07:58.209193
stake1u9a4xdegtp73vf55rv2ssupt35ecqhzhqcrgfgnevd48s8gh0m8jr,MagnumMaximus1027,2022-12-14T15:07:58.209197
stake1ux398mg73ksqgtzzr96sl97c2q6hezdnk8cq7tmpqyqkvfsldkzjt,MagnumMaximus844 MagnumMaximus883 continent2221 continent758,2022-12-14T15:07:58.209201
stake1uxp978nkqqmzjne4txx0300jaf48vr22xrcw79vzs5qejmcd33rsv,AuroraAmor1220 Aquapolis106 MagnumMaximus901 Aquapolis341 AuroraAmor1201 AuroraAmor1295 AuroraAmor1266 MagnumMaximus1024 MagnumMaximus897 Aquapolis145 Aquapolis38 AuroraAmor1215 AuroraAmor1351 AuroraAmor1368 MagnumMaximus936 AuroraAmor1261,2022-12-14T15:07:58.209205
stake1u907nc2vew0ugra98rmgfv55ttky4uzy56w7awgmfaz9m7qjhdhmg,UrsaCrater600,2022-12-14T15:07:58.209208
stake1u8peawsavvw67yujvwch5jhl8fvp8u7ye9d2g22ftvyd6uslsuh80,UrsaCrater454,2022-12-14T15:07:58.209210
stake1ux8yefdt8t22jdee4zx2vls95mxtkkvt9mcj0dv08svv0ssyxrped,MagnumMaximus999 MagnumMaximus992 MagnumMaximus943 MagnumMaximus969,2022-12-14T15:07:58.209214
stake1u8g5u0wcx0ps7ejvfs8g5hpud3u362m7m6l66fmj7yz8segawun94,MagnumMaximus1148,2022-12-14T15:07:58.209218
stake1u9a9d9wvjrc85x2cnjafezce0yxelu6lpa68tlrgcswpaps068lkd,UrsaCrater487 UrsaCrater548 MagnumMaximus929,2022-12-14T15:07:58.209221
stake1u9mt8acwm0sv0rnp4u4fvd7g97mf4z0mjl8q8wlxndcz8rqt7delt,MagnumMaximus1104 UrsaCrater684,2022-12-14T15:07:58.209224
stake1u9yz56nafkm72res4uwdmlxrnu5n0j87m0e43clcp9z02kqm6qfnc,MagnumMaximus904 UrsaCrater589,2022-12-14T15:07:58.209227
stake1u84wrjtl8xlaurys2mmt7ll5q6hlk8uucmgps4jth5p8d0ccw3w97,UrsaCrater713,2022-12-14T15:07:58.209231
stake1uxxacyudax876z3nkxaeeym0yax35f8mr6484a5ckfpltasfzym4l,Aquapolis221,2022-12-14T15:07:58.209233
stake1uyn8daeqarvsfwgxrvj39e5kjlqeay3k0zrsw2yep2557wceaaz7u,AuroraAmor1335,2022-12-14T15:07:58.209236
stake1uywuu7t5ayxsr4rajv62rwz5089z4myhe3wrmsgzl2gyplskh0c5q,MagnumMaximus922,2022-12-14T15:07:58.209239
stake1uyswme33vqrqahnwy5p0l8l7na68nl3fpvfnyz0gcfxzxmcjc9r5l,UrsaCrater551,2022-12-14T15:07:58.209243
stake1u8tupfxwrgj8vmsvfcpkvekjjne8jz396u4cm6695earffqlfaqpx,Aquapolis116,2022-12-14T15:07:58.209245
stake1ux3ez4g0092atyw33nkl68pmkfsy9puwqc76g3vswvs2reqlrx8lg,UrsaCrater734,2022-12-14T15:07:58.209248
stake1uylq58p6t5m9khvfjsjkd7e5puh3czltpcfm3n8mwh0n02gfh4fvp,MagnumMaximus1083 Aquapolis378,2022-12-14T15:07:58.209251
stake1uxmvr2emm67qdfagadx5drk2t3g6exw239frz39ar00655gqjmlkh,Aquapolis60 continent142 continent566,2022-12-14T15:07:58.209255
stake1u904wmt75cvuw4scpjgumnzj8pasqvkuysjm8rrs7yzc5wgqkz7mr,AuroraAmor1263 UrsaCrater429 UrsaCrater777 Aquapolis247 MagnumMaximus1127 UrsaCrater596,2022-12-14T15:07:58.209259
stake1uxg8e0rxqyfpcwjne6d95d60gfzen64rrktzns7kckwtg3s5n4s6v,Aquapolis130,2022-12-14T15:07:58.209262
stake1uxwk8k8mj3efn5gyfj4n989782t0nkcymnl5793dtk3dmjct93720,Aquapolis334 Aquapolis369 UrsaCrater504 Aquapolis352 AuroraAmor1355 continent1199 continent1938 continent1121 continent395,2022-12-14T15:07:58.209266
stake1ux3zx09xsdz0rwzfh9y8qv56fsrp5c05fk33m03q6efjwyc4s596r,Aquapolis169 continent56,2022-12-14T15:07:58.209269
stake1uyhxtu2kgf5gswpl4e4wkdyvg85fkuv7q6cmqfjrpacy4yqujlnh7,MagnumMaximus981 MagnumMaximus1066 UrsaCrater447 continent2040 continent2360 continent2483 continent761,2022-12-14T15:07:58.209273
stake1uyyecyzzjayc87hfaey00g0zvwxx4n2aue3259fada4pkugfm48p0,Aquapolis246 UrsaCrater780 continent1265,2022-12-14T15:07:58.209277
stake1uyxfvpaeafq45nw5ct4dk3atkw2nugh4zwdp8k5z9andk4czkc47m,MagnumMaximus940 UrsaCrater736,2022-12-14T15:07:58.209280
stake1uyf0lfqdqf6z73a73dtqkmcy72qrwpjww5el38jeej0aflggp6846,AuroraAmor1560,2022-12-14T15:07:58.209282
stake1uxhqdzp58ngk53nek8ex94svcrmwsatr82s86mcchxgmtsggjcyxw,Aquapolis383 UrsaCrater407,2022-12-14T15:07:58.209286
stake1u977rz74tn63xsgap3zkhvj2xvdxdqkzq5wu7texcy7m74qev9p89,AuroraAmor1451 continent1950 continent933,2022-12-14T15:07:58.209289
stake1u9w2uz3mxvwq5uz6yke5l96uexys852lx5l32srfez2aq8gnw09jh,UrsaCrater725,2022-12-14T15:07:58.209292
stake1u9kfhkl6skp73slhlfs4t0rrqkc34ygneyfq5lk2u5tjm0cmr2lxk,UrsaCrater732 continent578,2022-12-14T15:07:58.209296
stake1uy8k2kg4zdfdc55u30tx3xql52dt9dzphtv6qgecn8hcydq6xsk39,Aquapolis176,2022-12-14T15:07:58.209300
stake1u8p4fn6mh3ah8mzmc95xct7fl00e4nhc6mmnavc7gfzryvc560ssw,MagnumMaximus1025 continent836 continent1239,2022-12-14T15:07:58.209302
stake1uxvhmw8nn06584rvkstqu40838d0l8ml9f2yz4jwmgq0afq9g6hcx,MagnumMaximus1177 UrsaCrater501 Aquapolis191 Aquapolis295 AuroraAmor1397,2022-12-14T15:07:58.209305
stake1u8zdltz3hxdj4jqsvq0ya3yvmxsscln4kpfq4drk5nz70nc7r6td3,Aquapolis249,2022-12-14T15:07:58.209308
stake1uy75c2n0hayy7j7twvl4gj7mvpj50p47mmwygvkzd79q7sqn0pw8h,Aquapolis336 MagnumMaximus1097 Aquapolis207 UrsaCrater621 UrsaCrater623,2022-12-14T15:07:58.209312
stake1u9d2jvw82yal93g8saasys3qdq8u5qcs8wfdlykysw6eedqzuwxcw,AuroraAmor1356 continent1071 continent1731 continent965,2022-12-14T15:07:58.209315
stake1uxql7whw6pwynn70ln7h4shugx5k303em7vj8m06j4xcd2cys6fzs,Aquapolis24,2022-12-14T15:07:58.209317
stake1u8n4qz3m79easl9rqvgrcw2qm2499c4clz85ktr92jxaxlsavuj4n,MagnumMaximus845,2022-12-14T15:07:58.209321
stake1uxctsjlxejq604cw09jjj0j5uak2eq5lhx3zckmjxnr50dqyvqzw0,MagnumMaximus837,2022-12-14T15:07:58.209325
stake1uyff53kz8rdxh66xd0k2f7a88qp4tqetru50cq6939u9etg772c9r,Aquapolis179,2022-12-14T15:07:58.209327
stake1uxjh74ue8uf2lrfur48xhj62xe2cvyk2vhthpq8yv8s5raqr9yz2g,Aquapolis230,2022-12-14T15:07:58.209331
stake1ux6qdzy9fdutxr2ww6lf7n7umjzaguw2wr7tcvwlr9mtchgp4asks,AuroraAmor1328 continent79,2022-12-14T15:07:58.209333
stake1uy6epr5u39snu65h776859zk4pcjdqkly4etet86pcvnjngmu9rcv,Aquapolis324 UrsaCrater703 continent1305 continent1320,2022-12-14T15:07:58.209337
stake1uy7gzmx094yvglvyvftslaequjny4nm6lf8zz826pagw3fssclt4c,MagnumMaximus907,2022-12-14T15:07:58.209339
stake1uytt9eeprpfru2qag48lw0tc5wpfucs9d5ggjzmtendnr5cwpe76n,MagnumMaximus1171 MagnumMaximus809 UrsaCrater643,2022-12-14T15:07:58.209343
stake1u9zmhjf8mrtprw9j94uprl09qynvsw5ellw9y2chq78gv4c9twm5u,UrsaCrater658 continent2388,2022-12-14T15:07:58.209345
stake1uxlyx7u374r7aegq0zjq5q0c7n6pr089rkt53luud9kh99sw9p0dk,AuroraAmor1262,2022-12-14T15:07:58.209348
stake1uymr47rxcre2fayqpax2k386nezt35gengwype4u6ac36ggk5uf0k,AuroraAmor1345,2022-12-14T15:07:58.209351
stake1u8q9q3grwl95m7k30y25d7epderm3auvre5xctyh8ndge9gmq9syy,AuroraAmor1232 continent2478,2022-12-14T15:07:58.209355
stake1u9jx3x9n3adzljx4nm234k8tudpx2htnuj0wy8rjr0grhlsz3ggcq,UrsaCrater559,2022-12-14T15:07:58.209357
stake1uxyclet3tyh3ss8t4gq727yz3nma63z73pezmezydy7e3zglfr9ch,AuroraAmor1359 AuroraAmor1378 UrsaCrater733 AuroraAmor1546 UrsaCrater571 MagnumMaximus1067 UrsaCrater742 UrsaCrater796 Aquapolis255 Aquapolis258 MagnumMaximus1002 AuroraAmor1436 UrsaCrater698 Aquapolis317 AuroraAmor1554 AuroraAmor1557 AuroraAmor1558 AuroraAmor1559 AuroraAmor1562 AuroraAmor1561 AuroraAmor1564 AuroraAmor1566 AuroraAmor1567 AuroraAmor1569 AuroraAmor1571 AuroraAmor1574 AuroraAmor1575 AuroraAmor1576 AuroraAmor1578 AuroraAmor1579 AuroraAmor1580 AuroraAmor1581 AuroraAmor1582 AuroraAmor1583 AuroraAmor1585 AuroraAmor1586 AuroraAmor1587 AuroraAmor1588 AuroraAmor1589 AuroraAmor1591 AuroraAmor1592 AuroraAmor1593 AuroraAmor1594 AuroraAmor1595 AuroraAmor1596 AuroraAmor1597 AuroraAmor1599 AuroraAmor1598 AuroraAmor1360 AuroraAmor1600 AuroraAmor1431 MagnumMaximus1044 MagnumMaximus932 Aquapolis103 Aquapolis147 Aquapolis143 Aquapolis188 AuroraAmor1386,2022-12-14T15:07:58.209361
stake1uyduq9xgggflkqlhn2w42g6n67lq4jqxq85m9egvfghcrsg7zaww8,Aquapolis65 Aquapolis251,2022-12-14T15:07:58.209364
stake1u8gpw76vns79dkgjjtp54xr23mr9dy2hsv69jfzm5ysy7scvac67x,Aquapolis78,2022-12-14T15:07:58.209368
stake1uydnm80xex96waxwwxqmpprxy60zmqal2k06nl7gqq4n8nqpptywn,AuroraAmor1247 AuroraAmor1450 MagnumMaximus1020 Aquapolis353 MagnumMaximus851 continent1701 continent1955 continent2079 continent2327 continent1042 continent2195 continent669 continent947,2022-12-14T15:07:58.209372
stake1uynq58qlvzgdyp3u37eky4asvu62rk5m2nua7arf2shfu5s08n58z,AuroraAmor1226,2022-12-14T15:07:58.209375
stake1uywlht33mf2ed9c8vwg4e4007kafcyyf8q4v4ygze9rmk0s2asnx3,UrsaCrater709 AuroraAmor1584,2022-12-14T15:07:58.209378
stake1uxly7q8zsegp4kp29yga4j6hutqcpnp7d7ge5spva77hc0s7eqhze,Aquapolis157 continent1331 continent1437,2022-12-14T15:07:58.209381
stake1u9hhrvqq08w8reectq4r0gv3cll0mpgnrwh067990dtuq4cn2vkrc,Aquapolis252,2022-12-14T15:07:58.209383
stake1uxvtwemwsfmzsda6cg0jnaywplpr55nuurl6hf40whf3vlcfz2z08,Aquapolis294 UrsaCrater627,2022-12-14T15:07:58.209387
stake1u8adcqmn0fm8zlvxfxkuvk2gl2ex459cstsfla2pp4gwj0s7vffh2,UrsaCrater758,2022-12-14T15:07:58.209391
stake1u9c9trt9kjahswsxvhr3zk543l5q68dx7kunmakehjew3mgqelkse,AuroraAmor1473 UrsaCrater731 UrsaCrater774,2022-12-14T15:07:58.209394
stake1uy7q4m63fyq652zpe8jyseynf0m6sl0tyfysl002wlxj2dg0dulm2,UrsaCrater461,2022-12-14T15:07:58.209397
stake1u8y5c22tues2j6rregf2fca9j26lncpv4v559q0wp6zj0cq26pllm,Aquapolis34,2022-12-14T15:07:58.209400
stake1uxwwgjn0mrt9mq922y4524s2t7vh7s0f9ryhuq7sdhuxu7galprpk,AuroraAmor1480 MagnumMaximus1011 UrsaCrater738,2022-12-14T15:07:58.209404
stake1u9t7rpxh5zt0d0xu497t3thrcsth0xredwjkjj3csjh98hsm0k0q6,Aquapolis129 AuroraAmor1384 UrsaCrater425 UrsaCrater590 UrsaCrater550,2022-12-14T15:07:58.209406
stake1u8z0yxrat8qsmklgt5zalknqeympy6x5rlh7uehlrwqr0agjklnrz,AuroraAmor1572 AuroraAmor1573,2022-12-14T15:07:58.209410
stake1uy77szv5kpufk2r8p3t7xgutv2c87pw483lpmx5vsa5chegf6qfgq,UrsaCrater568 continent1630 continent2286 continent2452,2022-12-14T15:07:58.209413
stake1u9h47jzelq38mk7yvaxklducf9uw7lhmfhwk4fm44wfdszsgqdmmz,UrsaCrater521 continent549,2022-12-14T15:07:58.209417
stake1u9rdgdg0khay5k9x6eeeslwne3u3xhwel8s7xywgjhfndjqehfsce,MagnumMaximus1199,2022-12-14T15:07:58.209420
stake1u9vxnwm6u75pur8l56qp9kz5d8tdwqvpqk6cs8ma2360q2cxyr4km,UrsaCrater719 continent1475,2022-12-14T15:07:58.209423
stake1u8lnugysehec3skf00252ya66uwnyrpykrggdm29jj4vp7grcl0u9,Aquapolis398 AuroraAmor1391 UrsaCrater536,2022-12-14T15:07:58.209427
stake1u8vfv0ej6cqyx5m46dqy07ke6wmxwvazkxa2ks3q9ncs3lq6ggfrm,AuroraAmor1313 AuroraAmor1307,2022-12-14T15:07:58.209431
stake1u8y2a5eqwl4pu22smxgxa6n020tpvjrfxq5gc89q2m44lwgv33ess,MagnumMaximus824,2022-12-14T15:07:58.209434
stake1uy32rzfudhh4yx8vm24fm739wcumpw0jyt8h3p8f2mytnag8fswd7,UrsaCrater463 AuroraAmor1309 continent584,2022-12-14T15:07:58.209437
stake1uxthxarmlqtzdwml42vsftwlhekqf94jmm2q8dtljs6rpyc2h5lj5,Aquapolis204 Aquapolis162 AuroraAmor1330 UrsaCrater569 MagnumMaximus849 UrsaCrater717 AuroraAmor1425,2022-12-14T15:07:58.209440
stake1u9ncrywddh0578qy6rk5qkslzcnxcmxragkd46k742gk7tcgrne55,AuroraAmor1248,2022-12-14T15:07:58.209443
stake1u8kdhg396z9dsyn9uf9vntlxkehe2vp3zksu60aksgd0n8gt95kdt,Aquapolis35 MagnumMaximus1168 UrsaCrater422 AuroraAmor1233 MagnumMaximus924 UrsaCrater661 Aquapolis215 UrsaCrater597 UrsaCrater712 MagnumMaximus930 MagnumMaximus996 UrsaCrater631 AuroraAmor1522 MagnumMaximus1005 UrsaCrater530,2022-12-14T15:07:58.209446
stake1ux3ldkkjnse5x52lwxy54pzz2cpehlt7u2fa534tcpwxwng8c2wgp,Aquapolis57 AuroraAmor1484 MagnumMaximus956,2022-12-14T15:07:58.209450
stake1uyqnvrltn0jjtdyhhdprhpqz0tf2mazdwdtwgtlydvcluxg4sls9p,Aquapolis39 MagnumMaximus1018 UrsaCrater474 continent1169 continent1196 continent1355 continent223 continent2481 continent279 continent457 continent887,2022-12-14T15:07:58.209454
stake1uxtkf2w0gxfyk7cmmftt0vf6fqcpw4dxhcazyeeu9flch5cfl0etp,UrsaCrater714,2022-12-14T15:07:58.209457
stake1uydkfsevcqdh7pl7crsckhzd74r0dj5c60cf958vd7s0p6cewn0uz,AuroraAmor1275 UrsaCrater640 Aquapolis154 Aquapolis239 MagnumMaximus1098,2022-12-14T15:07:58.209461
stake1uxkmfjtn7lkzngxlmp8dajwuc97jy5rj73uvfv95trjy7mqcqf00d,MagnumMaximus811 continent693,2022-12-14T15:07:58.209463
stake1u9l7w9t6qr3vry2jw4qzkc3zksytreh2xyxg0xpdcgw2m0c4psghn,UrsaCrater503 AuroraAmor1332,2022-12-14T15:07:58.209467
stake1uys8nu8vchulwrfjlxuc3px2cvfp77futxaystz8mfn059g809vfr,UrsaCrater535,2022-12-14T15:07:58.209469
stake1u844s5802tmp33e6lwpg936re4gzt72fflpf0txlq52vxsq4z9vhl,Aquapolis151,2022-12-14T15:07:58.209473
stake1ux5prqhzf5mz9aaz0kaaxf5yuezp0z2vgy0kx3vkz96vregdqwna5,AuroraAmor1308 AuroraAmor1504,2022-12-14T15:07:58.209475
stake1ux0zq72x8rctwgdysln9rydzdxhnmau2c0k3u8wykuyalpc2dnlv3,UrsaCrater453,2022-12-14T15:07:58.209477
stake1u8etu8w980qlcyz3fr7tw0zkgf53ek28gunexjn7zgrtgegc3lk8l,Aquapolis218 MagnumMaximus980 UrsaCrater759 continent1109 continent1258 continent165 continent1678 continent2329 continent2373 continent356 continent413 continent627 continent663 continent934 continent968 floatingContinent30,2022-12-14T15:07:58.209481
stake1uxztvy2nh64lf7g7j2uf6mvqea7lnx4x0mgykcr72a7sg5c6zvwcg,UrsaCrater737,2022-12-14T15:07:58.209484
stake1uy224ejqh0am39dmhh7u47mz9ty02gkww0u0waeaq69z4jcyayc8t,UrsaCrater435 continent508,2022-12-14T15:07:58.209487
stake1u87a9a5qkhyhzuej3u3jkkmcxml5r967pxj880advdjrsrgdsfngq,AuroraAmor1253 AuroraAmor1483 UrsaCrater525 Aquapolis98,2022-12-14T15:07:58.209491
stake1u9c6fyzj0nplcw0cl44fwgy9sp59c98yswp3d0a98grmpvsz4pskg,AuroraAmor1259,2022-12-14T15:07:58.209493
stake1uyvraf04w5g44srnnle2carn8ra5gxr9scmhx6dj4cux8xgwstj9l,UrsaCrater792 Aquapolis367,2022-12-14T15:07:58.209495
stake1u8zq6m8jzjsqmy4t84tzvaj9tqe48tqctt4wx9x8e4lhhtskkl599,AuroraAmor1395 UrsaCrater743,2022-12-14T15:07:58.209499
stake1u9n9rs9x3xqxt5w38tnshucq45q3exfws3txqmdhhnjelhgduxr54,Aquapolis43 AuroraAmor1402 MagnumMaximus964 Aquapolis21 UrsaCrater750 continent1648 continent2109 continent2419 continent2421,2022-12-14T15:07:58.209503
stake1uy0xcqdmtpks3fnc3rnm3lxhxuxx83lzs6luc648edzesss0ck935,Aquapolis2 AuroraAmor1500 MagnumMaximus821 AuroraAmor1516 MagnumMaximus938 UrsaCrater433 Aquapolis184 Aquapolis41 MagnumMaximus1035 AuroraAmor1251,2022-12-14T15:07:58.209506
stake1uy76vvl26j7yczv9j5668jn6uldt7gepm9ukxz6qy53v99gn8je3z,MagnumMaximus843,2022-12-14T15:07:58.209509
stake1uyupdkvhpkcz642h3xwc66ame3frwacg0pjxc5rw9qghwwsj65qvz,Aquapolis175 AuroraAmor1389,2022-12-14T15:07:58.209511
stake1u9p2vs7h5kn32x88v4yqmpfngjxhylg4yxtlp9h0te2sm3sr7txnp,AuroraAmor1412 MagnumMaximus869 MagnumMaximus934,2022-12-14T15:07:58.209515
stake1uyn47pymfz0wspuxn8v970kn23upn3l8d08s7xyypgqdz5qy99g8t,AuroraAmor1529 AuroraAmor1520 Aquapolis387 AuroraAmor1291 UrsaCrater526 AuroraAmor1289 MagnumMaximus1062 UrsaCrater663 AuroraAmor1237 MagnumMaximus1079 MagnumMaximus879 MagnumMaximus1052 MagnumMaximus891 UrsaCrater599 Aquapolis142 AuroraAmor1506 UrsaCrater608 Aquapolis100 AuroraAmor1439 UrsaCrater529 Aquapolis118 Aquapolis335 Aquapolis343 continent1000 continent1237 continent1478 continent1513 continent1877 continent2015 continent2356 continent256 continent305 continent332 continent375 continent928 continent1329 continent1614 continent1772 continent2100 continent2414 continent309 continent414 continent467 continent590 continent621 continent657 continent742 continent1223 continent1378 continent1629 continent1917 continent2104 continent217 continent2216 continent222 continent2398 continent601 continent638 continent713 floatingContinent14 floatingContinent55 floatingContinent369,2022-12-14T15:07:58.209518
stake1u9c3rlc90dukrmjlfzn4uap27nyl06yuunx78terkqtywjsgudqck,Aquapolis277 MagnumMaximus1037 Aquapolis332 AuroraAmor1344 UrsaCrater723 MagnumMaximus832 Aquapolis232 MagnumMaximus1058 UrsaCrater494,2022-12-14T15:07:58.209522
stake1u8yhjvc5cmnqgx0yuvqrr4w8gxhp5te0permlc0598kwwmqgvyx9c,MagnumMaximus976 continent1737 continent27 continent145 continent2039,2022-12-14T15:07:58.209526
stake1u9shz6cse4us8d26w95xrf327mwmrkm6uyy7fwpkyp3f7fc5k3h2t,UrsaCrater556,2022-12-14T15:07:58.209529
stake1uy3sgkwzammggycefj2j3s8ywk56kwj65nfjswl40k5t3qqj2yfsw,AuroraAmor1299,2022-12-14T15:07:58.209533
stake1uy59qrwka7zs7l7gq6afuvpsc7jknqrqnakceqt3d4n24kg6hdqc7,AuroraAmor1364 UrsaCrater620 UrsaCrater706,2022-12-14T15:07:58.209536
stake1u859ksyauallkkmat8c9rjszf9vdvv85h2d383dptncu67sk8qtjd,UrsaCrater722,2022-12-14T15:07:58.209539
stake1u93zhx9rfz96tpcvdmq5mgf9hsec9vxxxmhccstrvl8v2fc9a2huj,AuroraAmor1499 continent2474,2022-12-14T15:07:58.209542
stake1u87024dpl4exp857acj956n6xsqv0e9lw49jfd8wsvfrgvsqv8tna,MagnumMaximus1008 MagnumMaximus1198,2022-12-14T15:07:58.209546
stake1uyaqw6nfmwnx5agmerckfgv6uy2rx02kdcs88nhtxnmxl8qlg08tj,Aquapolis180 Aquapolis323,2022-12-14T15:07:58.209548
stake1u9rxc7cxw7suu8tkr47zasn6c2uvqd9vzwquj9htstdq2lqlnhts7,Aquapolis193,2022-12-14T15:07:58.209552
stake1uyr20ez9wdh4y0lqsf2qyweds2nqfhxe0vc8p05lnnvue0ssjk8nr,Aquapolis267 MagnumMaximus1080 MagnumMaximus848 Aquapolis42 UrsaCrater427 UrsaCrater456 Aquapolis12 MagnumMaximus913 MagnumMaximus945 Aquapolis62 continent1161 continent1225 continent1352 continent1449 continent1507 continent1594 continent1688 continent510 continent593 continent614 continent764 continent940 continent1039 continent1110 continent1302 continent1514 continent1613 continent1633 continent1645 continent1975 continent210 continent2251 continent276 continent697 continent1296 continent2061 continent2367 continent341 continent366 continent372 floatingContinent605 floatingContinent667,2022-12-14T15:07:58.209556
stake1u9y87px4n0mzxkql5c3d9z6xr7ahjvqkzskspxq4l3u8cvg626kyc,Aquapolis228 Aquapolis316 UrsaCrater676,2022-12-14T15:07:58.209559
stake1u9wstn54kmner4ex09wulaswfuzmvxclfjlgdges4dsc78semd47z,MagnumMaximus941,2022-12-14T15:07:58.209561
stake1u8wrgehmdparje776w8xuu0srsyl0vydkxlrgrv5hj0fcmqvkmuaf,Aquapolis282 continent649,2022-12-14T15:07:58.209564
stake1uy5fcqda99tl40jk2eekluxh2afs3m8ll87zuxw38dyy7hspe65qm,MagnumMaximus878 UrsaCrater488 MagnumMaximus1034 UrsaCrater471 AuroraAmor1457,2022-12-14T15:07:58.209568
stake1u9kqzjh99x3hcxqnrlvgue2ufxqzavtpezrz0gdw29rsjts8ykyu0,Aquapolis185 MagnumMaximus939 MagnumMaximus970,2022-12-14T15:07:58.209571
stake1u8jzadgz5zdnr598xpml93e3plv58p9zjnqgczsddv6qn9q49n59m,Aquapolis314,2022-12-14T15:07:58.209575
stake1u9ekyt8p7tgr87x8wt9zz8w3myju7kdy744uc37ea8jxyxcdv6v4m,MagnumMaximus1088 MagnumMaximus997,2022-12-14T15:07:58.209577
stake1u8cgrc8nswq6h5z7klen2jxwcrpzggmjjkpnewqdzmugnlgpf7eep,MagnumMaximus1170 AuroraAmor1486,2022-12-14T15:07:58.209581
stake1u9cfsr2yv9hc3fqtmjzs8ep37klhc82math8d4vmd2q63aqcvgkn0,Aquapolis84,2022-12-14T15:07:58.209583
stake1u8wurve6kwvl5mvzk9jkwtp3y4c5jj5dpvu42lnl9xhgj0cmy0jv6,AuroraAmor1443,2022-12-14T15:07:58.209587
stake1uxwprg28tzuf75jyc4jtnpk7wr7qc6fn0naspayqzrcquvcream2a,MagnumMaximus1157,2022-12-14T15:07:58.209589
stake1u83napyc7pk32k7ck9hxg3klxak3lcqauz362hnpz4whpkqsf0y6y,AuroraAmor1202,2022-12-14T15:07:58.209593
stake1u9vhwv8vth85uzfljnq46qq7h2dlwkgdcq879wkyg2mczfsx7cnkq,Aquapolis362 UrsaCrater675 MagnumMaximus1065 MagnumMaximus876 UrsaCrater491,2022-12-14T15:07:58.209596
stake1ux4fdd7g4atecg7r5gfyz37tk4ruqx009dhpaf7fgkpv0xstwu4eq,MagnumMaximus1160 MagnumMaximus881 UrsaCrater415,2022-12-14T15:07:58.209600
stake1uy6nuqc8gxslfx9l9l92se22j45s9fmt9x0fygzaaw26efgve6p39,UrsaCrater438 continent1220 continent1066 continent1488 continent1984 continent1467,2022-12-14T15:07:58.209603
stake1u9t37qaqt5pltxvupef82l36gck5u6zlcnqxfua8lp83m5g0hgkd2,Aquapolis125 AuroraAmor1415 MagnumMaximus1181 continent1158 continent1262 continent143 continent1687 continent174 continent1829 continent1936 continent364 continent522 continent582 continent790 continent999 floatingContinent439,2022-12-14T15:07:58.209607
stake1uxsrtlfr7rgjwf7ma5lk29vwvnh7w3e7c30hs2sjtvrgltg7u2467,MagnumMaximus960 continent20,2022-12-14T15:07:58.209611
stake1u8vntsyff6wgjcyzl5u9h0cr2c79k6wv6vaqs5myv7q5p0cj9qzsu,MagnumMaximus1134,2022-12-14T15:07:58.209613
stake1uyr37pq26xc926syzs2q6zkrmmavlpjn6x0c2w3rpjyt2sg3gwgrs,Aquapolis304 continent1479 continent1501 continent2264 continent924,2022-12-14T15:07:58.209617
stake1uylm2urdsff8htfxefgn0ucefq7k5plldq9jm8va5n7wr3ql6twax,UrsaCrater670 continent1439 continent1517 continent2490 continent347 continent528 continent1395 continent1502 continent1696 continent1013 continent1333 continent70 continent82,2022-12-14T15:07:58.209621
stake1uy7a3ht4pe8kj6cap8ucdyvttr4dl0k6mpnxnzxmypnkm0gqz7h3t,Aquapolis264,2022-12-14T15:07:58.209623
stake1u8q7ud49qdxda8evjhwjytnhs9kzap9gqyaey2tre68lckgykznyg,MagnumMaximus1091,2022-12-14T15:07:58.209625
stake1u85560yduj6atlcy8s58v3s7nzpnvqy2ram9c6762vqhuhqqulhz0,MagnumMaximus1131,2022-12-14T15:07:58.209629
stake1ux6emheq02vtpqmd2qa5gf4h5ega388emsup5mknpjcezng4c7r04,UrsaCrater592 UrsaCrater710,2022-12-14T15:07:58.209631
stake1uxp5320dfl46cfdg5ts2zgnq0rnxzq0dw8x727qwtl3w88c7zcmtm,Aquapolis244,2022-12-14T15:07:58.209635
stake1u9t5kejghrfh6mq0j0m85rp8xfllw6xtyg0pucg0suxcwvgxherl2,AuroraAmor1301 MagnumMaximus854 UrsaCrater557 Aquapolis101 AuroraAmor1519 UrsaCrater531,2022-12-14T15:07:58.209639
stake1u93hy40v7np80kz0dmgz082lenxg9ssmf8gm2yjh98dlv5seeermh,Aquapolis223 Aquapolis339 MagnumMaximus803 AuroraAmor1217 AuroraAmor1314 UrsaCrater669 AuroraAmor1438 AuroraAmor1524,2022-12-14T15:07:58.209642
stake1u8zjsraav4ywywhrkjjkrh7q3mlt094d83qmev7q9tj4u8gkzxx6j,Aquapolis31 Aquapolis66 UrsaCrater404 Aquapolis90 AuroraAmor1398 MagnumMaximus828,2022-12-14T15:07:58.209646
stake1u9dec6kewz959m8t3tuy6g588x6qcndae27xmxch337v33q04d7a5,MagnumMaximus882 UrsaCrater563,2022-12-14T15:07:58.209649
stake1uxw3prnwyhg0herwta78h42aevs058u3270gxxymsw9l4kqkph5zj,Aquapolis290,2022-12-14T15:07:58.209652
stake1u8rd0q58ve04kaxz0psakty9rygrjkrr2cna4grng7d8rwslmcnqe,AuroraAmor1277,2022-12-14T15:07:58.209655
stake1u9z666f3r8fkens3rw465yv3evmux9q67y8hxdk8nj6z0vqjqj9w6,Aquapolis299 continent1020 continent1038 continent1046 continent1078 continent1205 continent1642 continent1813 continent1892 continent1928 continent1979 continent2277 continent31 continent469 continent884 floatingContinent13,2022-12-14T15:07:58.209659
stake1u8fqrkly37ax6lfma6t4qms0f7fxuxargj3tf5m3xpur66qla7mva,AuroraAmor1370,2022-12-14T15:07:58.209661
stake1u8xg3xk4euh22sjry8ctv96cvgm9tds85xyecz444yajj9cmqzxwx,MagnumMaximus1124,2022-12-14T15:07:58.209664
stake1uyantr0fpxz2ugrprvhpnrgrjfxyekhzsc4g0y92ytx2lrgt7nsnp,Aquapolis4 Aquapolis400 AuroraAmor1474 AuroraAmor1531 MagnumMaximus834 UrsaCrater779 UrsaCrater660,2022-12-14T15:07:58.209667
stake1u9ungsuq59n2enhjx90lr4lffsd6nud7mppgszqwfruh6fcnrm5cq,AuroraAmor1333 AuroraAmor1250 continent1040 continent1276 continent1317 continent1750 continent801,2022-12-14T15:07:58.209671
stake1u8sp5z92qrrpa534mr5uynt4r4d6uux8galc4g7s4fftqsgt3n94g,Aquapolis86,2022-12-14T15:07:58.209674
stake1u8yx202a6upp5jccl73wejykeusm454073f9xv3kdpz2gag56ph0t,AuroraAmor1551 AuroraAmor1553 AuroraAmor1577 AuroraAmor1590,2022-12-14T15:07:58.209677
stake1uxcta06rvw5w85pvzf829ls9p35hxxffzf00mkgwlssdhrc4cm3dk,AuroraAmor1570 continent2463,2022-12-14T15:07:58.209681
stake1uyql9kttef3wlahvkzm5u66pzmpzx72x0pzndwvctv6rm0svy5hw2,continent1198 continent120 continent367 continent1486 continent160 continent1880 continent198 continent1989 continent2174 continent2244 continent270 continent533 continent7 continent1693 continent2188 continent173 continent1748 continent1757 continent1791 continent199 continent344 continent443 continent863 continent877 continent889,2022-12-14T15:07:58.209684
stake1uxpqv8egsyqxfhldzlrfjgxzwzc8af7wv96ja6n0sarp0jcycg5ak,continent978 continent148 continent1546 continent2205 continent2287,2022-12-14T15:07:58.209688
stake1uy34adm8c39a2qh9m5jt6eae8qljapm9nnjydqpjqu2sskgk0x36m,continent1062,2022-12-14T15:07:58.209690
stake1uym6jrjsp69jemazk0x60ad7mf56jpnyskv9npl29c03y3cjrxtc2,continent1716,2022-12-14T15:07:58.209693
stake1u8g8dmq73eacqzjcdfggtk66z940lje6gaqmzw2xn6fzkjset2wam,continent2485,2022-12-14T15:07:58.209696
stake1u9nmcz7vq9wxssu8fr9wpqh8c0axsacea6xddzsd530mcxs80dl2g,continent1667,2022-12-14T15:07:58.209700
stake1u8j94a35p36hprmzx7em64qgt0av87r35jwc9wttczd79ugeaplcw,continent993 continent1077,2022-12-14T15:07:58.209702
stake1u9wgk3xzgff6lcd2lqqe6fkdnqs7g4vc47mv2cx48caeuechtz6ml,continent163,2022-12-14T15:07:58.209704
stake1u86s5pw4848wvwet63atn2xlxzv4924cnm98va333px6r9grclg9e,continent576,2022-12-14T15:07:58.209708
stake1uyqy27ltgqhx6ehtympje2zvjj6yxgltk32p5t9flzhw75cj6he2n,continent181,2022-12-14T15:07:58.209711
stake1uyc909uetnrqe8zj2vyjetzmwzx9pwcp8cxq0zauqdsmj6cz83gly,continent1185 continent2112 continent369 continent823,2022-12-14T15:07:58.209714
stake1uxln27v8n3uxes3efalkcr4m5nhrp43ru48wtx4xxurj2nsrr75xc,continent1691 continent1832 continent577 continent634,2022-12-14T15:07:58.209716
stake1u9qvl5zyagawwhtgmjlhv26qut5esefgtxrtkllm3kvdeuce83caj,continent1293 continent2155 continent464,2022-12-14T15:07:58.209720
stake1uytglt3pzu7krjq3zuqvqc0kqudxhrsnrkvvdh6f7ruvl3csyf3qf,continent1833 continent874,2022-12-14T15:07:58.209724
stake1uxm5u8vwwxt8cdz4fsfxne352m6dlznarl4dx73s27z4mjqj5mf2k,continent2167,2022-12-14T15:07:58.209726
stake1u9mcmxdf9xlsfz5yrplkgm3jjgprdy6eajfddzmmv09u8qcahskc5,continent52,2022-12-14T15:07:58.209730
stake1uxnzv488h8yh5mlvvv5tu9nxha735p7hzg3n82659zv6s2sh32l72,continent2253,2022-12-14T15:07:58.209734
stake1uxu6mu5yyr6uphywn498wa8wzvjjyxpp8qam53px7gezhmsjer76l,continent2343,2022-12-14T15:07:58.209736
stake1uxna5zhcdqgf0jma6h36cutwjzjz3m82xc0jlatem39kjwqk8a67m,continent551,2022-12-14T15:07:58.209739
stake1u8ze0f85hyxq2h0c2ttnckxej8n703h8yr72s8m5k6yp8vqm27ugn,continent1910,2022-12-14T15:07:58.209742
stake1u9h9f997yucmacshmzthlhews75czzqxamwvr28pa9nnf7grvcgre,continent736,2022-12-14T15:07:58.209746
stake1uxqwp7x3k9uttex4xjwrpp45aku2hf095c76p2mj5qpd26q8hwu9u,continent2391,2022-12-14T15:07:58.209748
stake1uxw64639222ma6t6rctlhve53tu0gzqhc3nhll0gjnxuw5s7608eu,continent2420 continent2339,2022-12-14T15:07:58.209751
stake1u9fgqetf7w3r9shxqndstq9xxrk53l3j4tdclk2n9wrgqlgk2rtnj,continent2290,2022-12-14T15:07:58.209754
stake1uyrkpm9dspvddt7m6es7undc38esmy0axu5mdnjrdsapg4c4k3n5f,continent2448,2022-12-14T15:07:58.209756
stake1uyv8jpqgwjvsy9e2mw86cutujelu7h2p93sqltvzc5d8tjgns342s,continent311,2022-12-14T15:07:58.209759
stake1uxxjrrkp6z5qu3zfc7ya26jeqeuy3v3qwxqhwqczjwlupqql2c2wd,continent1304 continent154 continent1769 continent1911 continent2294 continent246 continent41 continent760 continent818 continent905,2022-12-14T15:07:58.209762
stake1uy87vr2ttr8rxzletmfmnyw4zdm9j0c60hfle974dqeu8kqnw4wy6,continent2164,2022-12-14T15:07:58.209766
stake1uxpsdkjt6tjppet4nxurtz9pue7c2fwpqpf7luux8cuyc3s84q2uz,continent570,2022-12-14T15:07:58.209768
