2022-08-08T03:10:07.809101,2022-08-08T03:10:07.809101
stake1uxahfadvywtcwuzxn7h5sk5mjwxug3cz2czy8pu54xes72sjfytcz,3136
stake1uy7fh998sjy7gysz02y3rnjzplgdc3k8yzd88spcawxsaqsferckh,3131
stake1ux65x7ytq0dxsm9q77mnw7dr9ksk3gnjrpkval4ld83mzkc4qvzlg,23090
stake1uyutaet2vpuyc2lphnzv6d2r3sc4pa8uqatp3pmh7h45l7qgt4d7z,3127
stake1uypptpgcc44mynttplz0ad3r64u4z2z7g2zlmamh5tc6acqrdtazp,1209
stake1u9eswf7m935z230ug8d3rxxzzmx4y6tu9eq3er67vgk7cgqt865u4,9890
stake1u9edrc8q2s83dnh9ct02nwpmnk68pnf7vw5syke3qstq25s8pxcpc,2299
stake1u8u898k59tv3tsv0mj2g3ynmld60u4lfmdj3f6p0u289jxq7200ev,1713
stake1ux42tt9jpktwqzteczgrlfsdh2dv04h03g4akuj66uqkp5gd63u88,1046
stake1uy984nc3qaj7grw7fv69wz38t87vp3vte5uqe5mnha5zdfqtkda4g,9291
stake1u82lzwr99a4djhgv6c638urscuz86g56jt4vjgfzuw7e49shdtkvm,5324
stake1u9k8htz2we5h2x9ffpvck5q3jvglmp96fxurv4uszh5lw9cdd5mml,6141
stake1ux2sjguq0vnaena4grnmh03asx65xphu9p0kdqge9qgsa3q0ut9f5,498
stake1uxqunnsnwkyn2jdth6xdhj67fmhxpytaf5suufm7pxctq3cttaqqp,4564
stake1u8lw3c59jhn495w8f3h7qtx6t7karsy04mhngl0g4tsgeacgz55wk,756
stake1ux73uy97822gtnkf4mvz68m7ly4jl6ep6gvptlden8q6qtc3lugus,1955
stake1uy3qud6yv8e06ct6t9v4h5kufuj2k83trp082qq4kx0vjzcfhsfev,1294
stake1u8w507mahj3kk8wrvgpfmc23vftpkyj6ugl37lutwwh7x8s5vrmkp,362
stake1u9vm4p8psfr0fpx6u4yjg96m6fw2vpjplef8m59ugfgg0xg5vl8ay,283
stake1uyf6q2jryaetx2p5hrl8urkm3ck0t44t848er4lavunfdes2zhclm,179
stake1uxu5zctfe637kn8u0ue3kmjlsxcxjj2ul9kpwv9hkr87mdgvlpvam,2548
stake1uxqh9rn76n8nynsnyvf4ulndjv0srcc8jtvumut3989cqmgjt49h6,7403
stake1uysh4fl0wca9u5zl227ssnexh8tud37svzw7zn2ke4hu7ds2t036s,187
stake1ux354xzqjw0amyq26y89kjtl4cnm4rxwyuuzpwdhemjsvksjuncte,966
stake1uyk5jwwy20gqh200294788gqvd06drtd6fkq6ag8qaekjmcgfwclc,460
stake1uxmvn6qv64znhtak8cz4n84a6a78tqq03suufwrl2mg5jyg2zlfg0,823
stake1uxwarkk4fzd7uctxp9u9errppvqapj5qgc9dyylsjnqr59g5un7jk,1307
stake1uyff53kz8rdxh66xd0k2f7a88qp4tqetru50cq6939u9etg772c9r,1205
stake1uyxg698kkr0f8r0cy52gc4jzxgh62wkx8hulzprpkwx70ec09lskj,7509
stake1uyft8sdrn7q9ldnqswazum9pww0rdr8mlw29tvdg2r6cccgwee42h,5047
stake1u94r9jjgq3kj77pagetccr6jt0ma7a4p0f333fcssm0k9hclpe90a,1066
stake1uyq0d9ls8reu44sd9rd8vu3kt7ve2sa4vq5vrypp5dzgnfcpe0wkf,1035
stake1uygkux35wxnhj6jkkss3ye584h6p4z5j0su0sjmwpckj0mskvycnd,144
stake1uxh6yar936h5cynmmrt5q4wsu8yy4dqcag7q5ztd9g6tgycrcr8gs,110
stake1uxpslkjrp386xvruqnjf4qdctlcw08v0upezpn4zvr78c0ghr2xcv,978
stake1u9zw92mdzamclmqxa5s6l0lyklc0rrcs2yd85ud6uauw56gm0sph4,171
stake1uxmhttdj4qm25s6s45kqjv25l2duva7vjk8h5h88l0kknnsrpmrgt,74
stake1uxpkmr609y7dwww3zkgaqaa70vzn0l369knvuc9se6zl9rqdkxexf,2661
stake1u9z7fpzyz8epwdqe6ts2yw0rl050efar3ed0a4quqgppejct2kav9,615
stake1uxfl6w3t207z5cmt78h6uvysksc4kescg6jfmjxx0x7m3nsj9cgvl,528
stake1uxc7l735t8uuau08xr63xxvsjy40xylr2fjlju4dgam6hpchu0hyf,4405
stake1uywwfg2hvt3z6fx5pv95hy4llyuj8qfrjxdmy0r2reng27cmgu396,1190
stake1uyh5h2wr3e22hzhcaygk8v7etngtgdtrh2lv6gtlc2tgtmckf55d6,932
stake1uy5qy8cfv9qu3u2m5m73mm8k7dl629shd0ln2jctktkmyqq40pket,462
stake1u8aqvhx435chmy7ladue4xsfc2xwty6ydh477qv0muj2yvcd0unqk,363
stake1u8fq3rujdn4d9kque74zuenpwwvegff8kzc6f0yy4yw702camgjve,534
stake1uytqfs29ylqmpcfxdhqfxyl4ehux4sevdjyx4x64snmfvcsc65gk4,338
stake1u98g8y7j0cl4yk5q9k7spwwne6s2cw8w746tdz8tev20qxgxae5w6,3615
stake1u8rh4kfcm5fu2zq0r5g0wugwdprz6kg2utrr6j38atx00pslj8ja9,379
stake1u8n78ww9n33agz5cn6p2xnm430snnpqjka3l67x6clywrhq0faxxm,27
stake1uye9v9wh9smy8ep2mu77tx7krq9n7xzd42mwguzhs868u3qd3jmfz,427
stake1uxqwp7x3k9uttex4xjwrpp45aku2hf095c76p2mj5qpd26q8hwu9u,638
stake1uyucykneqwas9szcguy6ddrtv5rm278quanyamntvhugp4cndazde,658
stake1u99m6fhpzqehzjc0fme0d0nhw826yeqknzv9ufdv95jzw7gvu9aaa,276
stake1uy7ws0ur4prrqmsvxwqekjhmn9a27jd2jltcpzjp4sez06c6uazc3,328
stake1u8mxh9kpz2k33jvs02k5ddceetd9k50m9h06jku8zd4pvacjmqyfw,58
stake1u9n20407rnr53p9arpvszfvvazsa4ezen2gk20fzda32yts0rstd8,1946
stake1uxt0x5rxu3spyxkdnutjaj2lm9ksc4vaxctarne78s56xrgjk0kk3,341
stake1u8jzx60k96dpwzt79pfddxt3thfhrg8cpmge0gmsn7a4qjsyk93tf,143
stake1u83v638f0hgkqewdh6eh5fzdhxunuzs6pa0zqwqmpzrjp2qxl2n8c,351
stake1u8yae5xgf9qq8ulthlesjqvusd3n7h3j704dgdq0v0lj7xsds8tnq,635
stake1u92jt7y526rnatk3uvg77nla8uwxcwj5w0uyahgds99tl9qyr730f,681
stake1ux7eqqnehmnddv9jdx2k0mauxxraagq2frvxscmngernymg7uk2m8,48
stake1u9ktd8g9l74dsxy7hnfer07n8gu7vrgule5tnmmcn4ezpag8594er,48
stake1u8kacddzg3yd77j3fenwy6ahx3mn89a4mprwyjrpdy2sd6qylv375,410
stake1u8r0nq0782t72alatyem3wn8amxwuqd47jmpa72kq4ku8yca7r6f3,660
stake1uxqfjw956q0pw60eqjcpk4nefd44pvqeqqmdd6d6zmtczhcxqae5h,552
stake1uxe3v8dclnkrs8epsapnhqke4g38zya54glkw5msjywp02gja2efd,138
stake1u9n4ktgu7d4pseapyx4r0tm3kj6wjp6pzlec37wsv6yug4sv6vplt,16
stake1u9sh73sst2xn23rqynwygkawma42xkafwfapjgqzqta9q6cfvd3c0,360
stake1u92fc26zptwnwl46qr093v6zdxw6fljjt6h8853cc64q75gz9zl3h,702
stake1u8xf5s390qepltperxgret52vvrv0tyhqh7u54h7t7ulg0ck2gcc3,48
stake1uy4hywpcx78qpyyk9rr76tzke9dlx8jycdveg3hf02rf8usjpc6v5,216
stake1u9cgh9lu8sasf9ygsjvwplhaw3w7jajmqjd7l0ys2kqh59g9p2tlk,72
stake1uxkp9aug3wj9n9dnw02r2a57lzpt5r0hvr6v2lrdsmnhzys0wya49,144
stake1u8mpawakgw06auwfedjt3afvwgylwf7668vk3yagh5tqkaq98vw6q,142
stake1uys8la7hsq7p7y0vymzat8qf28pjk48fh3mjklvsrnx5m3gc2z24h,56
stake1uyr9nn7tes8hzdt9gpzksumwj6akj8q20lpa75m6t9xzw2q42jatd,60
stake1uxgg8w4fkqlzqp8fcxytr2zmwmlnm5yhz87e0ej500kzxjcndzsq3,108
stake1u860ee4zk3lp30lqq3mdl9tt7t2frw65kzuxwmutnvmqq9cc0uwph,416
stake1uxjdgelh5ux8kyq8pgfc8enwufn87tk9my0wj75vxtqt5lqr7fjh5,166
stake1uy9hu0pn9g9dehtkyefdstl0v2c6sfsdjf04aey5vr4kj9czdflkq,37
stake1u94une009wn8a32ekpuf0s06e8swp8rhw69d955zv999dmqxgm0m7,4662
stake1uygjs8t7wzrcl67zelggdg43sv5u5lugf27wlhvvac2jfusv8lsdv,52
stake1u9gyeq64ghxxa2n8wpn9y2m2zjsfeyv9p4ql5psrc5rfdcs6etvgx,548
stake1uxhrm3u36h3gd7e0q6plywllypefsmgyte4manz3ehkw39cvyg8xx,110
stake1ux3ff7u8m3crdl9x9543e0q428rflyljpfwsmvhlv3adxzqzcn79z,566
stake1ux0ktjgqskw0mq8ug0ky9efh743222n59rnfnj94k9uau7cr7lwyu,522
stake1u9kxxg2mu2ek68m4fm5nqnjqfyyecrv79p7cduddaw05cus3a2pa6,30
stake1ux6ztk37p76e2e93tu86heddnstw77haapkm46mlszrq7pgp5keyy,435
stake1uyzy3ud2zkul0htrgt7s2pyu9yfqjnskyecngpm3uyn3zlqegsxt6,120
stake1uxnz4g2y95zurdh27qxv70hplftmfsj0ftudyd09drrpq6qpqv5xj,831
stake1u865ey3lzf5qsmpf2dx7lxhp4qgzc2hlp83semjjngq93hses372z,114
stake1uyttkzh5zh6sph6vm9supyufkfayk97q20mrms59juruwdcxqcxf6,36
stake1u92q9wvahxv6s9luuenn5ln5y5k94g2desrnund5ldj2djsjwa57p,276
stake1uyc9tem2r3l020xj3zx83hmnedz3x380g7dj0fjvaghnmycl2dmpg,906
stake1u9q084yl7q6f4zu0wenzg4xme9t99adctawm0e54d6kh60shuf6qz,134
stake1u8t24dn9sm54tg70yrxawpkrwjmcqr7pkfumldrmjgs3tfq6hh4jt,158
stake1u9ynzx4qxhm0su3g2qwa7gm29sxcdgd7gxxj7le76sxntjszxdmd8,2566
stake1uxyz99a249083awu4yc2wvm2dy6ackn4kv09p0z3jglya2qlxamad,526
stake1uxjjrs05pz49755whwft8spzrdvr0cxj54t8lg4rzm0rxngfmnjde,1094
stake1u9ah83wa85hffqzrmxqranwzzvhvnlzhreqld7x6h68rxuq60xxgk,285
stake1u8hwn8w8xcqgpmzr5ffdhvp0lwx99m30ahm4qrczh6sz7hcykmelr,448
stake1uypdwdkp2ecnflyglaw66m3g0aknhpay38tc9akwh3k8uagmkrhrt,366
stake1ux0d3tt7zpx0lj3ajzqlfkmgzsx3u7gv676a7d9g56c085grcc0ha,48
stake1u8kym47meyzrlzjk4emcr2fxhsk4zupud0je8f4mx9p085gwwjz64,55
stake1u9nj2t0w6r2vvgmqkhzyczhk4qd89v6uvg7vu3ydk9umsacwvxc4m,2419
stake1uy470mkjv5g70ftjfeeg0j0y7a6xd4zp4tqqlg0p5pff8jgzmnd4u,548
stake1uywv5uqcw0fpmv6chchj3n7nvhjtdqlnkxl0yy8jas2hx0gfz3fqw,825
stake1uxr8wj2l5974j8f7tsck2ga6qjath6fv5q5ng27g9u9aq9gzs3rxq,601
stake1u9w0gx3240pw59eazt7vgu7fc2xrkxv57f38k43lyfglq6gczwxhy,425
stake1u9lxcpw2cy9a56f4mps849yz3wx4aw2349g033tmyazuf6q05uqwh,933
stake1u9qjd0uq8cae0txn5nm2x44294w7ur8m70xuu8cy6meu0qcv57qu7,39
stake1uyk0pm34f25fyj5p9znnmyjk3yrqqyaw8c9qlzh9gqg2faq7uaq4t,1955
stake1u9t4ctatqxjtf0yy4qj7ac7af2pc7f93dv670dmatr4lhfsmuxynq,66
stake1ux3wrludtcd6ajlk3sdr5ewra204erhak65fqw9tehf6nvqs7n9gr,28
stake1u86x6r6hxv5r044scwmuvje5lucdxdaxsd80jdcrzs29v9seuyanr,76
stake1u9mz4fqfztl37q4fdjv0gy66dm34uhsf3cw9h3fdd43zk9ctxg6hh,63
stake1uyth8j5mescyds49nftwetddm8zc2gk9dlquvt4cu8zj8eg9n8gyn,150
stake1u90rtxqmr6mrr5jtg0r38sn98g7y6kfafr5w3wemmsgckysk95h8v,711
stake1uyw3zzfca8m8zrwf3eh9h5jd7ujzvf5u4d9j7errsh6emhsvn3dur,281
stake1uxpk2aq0g42dt46329uysqh6tw6mj2mpxp5heh4er52szggpsufaq,42
stake1u8h73zqxve6llkz35jhrrfj3arkgqaskwhg8mh7k446q92qxx2827,168
stake1u9y434nhrqpe20gh3e05tnact6ge9xqc0ll50xwml2su4xq2tuwtp,68
stake1u974u34myk4pe20y65zq6h6ckafhnpxxx0gjt7yzwv2rh6slr9g8v,118
stake1u90ewtprw8up4fyhnc7pfhdmay8c59kkp4n9x9ulc73zqxs6rgcw5,40
stake1u8u3dduu63uhy5jgxsysf6xc94km4n3pvmxvl2r3chtk2cq6v9h5d,528
stake1uy56sureqevdy9yu8j54w40tz3zyejqsgdau2tcfzda3a7c90s20c,130
stake1uynwy7a625fcgj8gg2nv3tcar04my0udxja4me5j7s2gurctal6xd,56
stake1u9ngnpnr8zg9pzhsuddy9xeaf7s8xwyd4rye9ccxqqpcq7c235fkt,174
stake1u87cl3j8gchhxg3j734cskje456a90eehf5dhdwsd9ms26cwd9svh,64
stake1u8vfv0ej6cqyx5m46dqy07ke6wmxwvazkxa2ks3q9ncs3lq6ggfrm,4262
stake1u9rzfwgq0wt0tsst2s6fzfq4zus5x4gt7lp9hehgz9k5gzgnx8dta,478
stake1u882cfmupxst390q50mzsdqnmpn3f8k50zt6mr5d2vxyhcq4258qf,987
stake1uysr5eeq356eyuc0nk0df4dcwujr0s2tecrx7lfd0ul6yecs47maw,60
stake1uynqwdtawpv6pcna85rwfyea0mr5wtnxqf8v8cdmuj96qsga2d76r,26
stake1u8sxhl7ra7w9sp2d42n5kpu3yyxdeecvgd6d24wp39qhkrskpqg5h,198
stake1uxv0jd2e7w2uql4httkju8p4qn4n6lhygle0fjtwk3gyajqvx54az,1524
stake1u860gmmnh4pvqhfjkqwd277kekfuf5mtwmrd40mg5pxjr4cunqw36,537
stake1u8rsft9xhc2q40maed6a6u4e0m2smvn689wzj2a28fp4n7sdr8vg7,187
stake1u837nh2jl3lwauhygxfyyjznxvaftlgcdaajfzk3vrgfxlclm63m6,86
stake1uyktmxxnf0quguxqm0rf3mgvwqprgsnjsxa8lmn8dwuy2ys6nhw5t,19
stake1u8eshsrh4egfkz5xdwg7ejqktr96a97vnycek3hwgx2qqfgyae3kv,399
stake1uyp4gtykmn95je3cz9650swae5ettdav4yj09ne5v0lau5qlz53ux,88
stake1u9pmhz5pt5g7g2x2efdhx0vf6d6v3972w5jqlnmfuwjmdygeq8r25,44
stake1ux98c8ksg3f8z4vnpyk95vjvk4cvtdgx8mjcvrwmehdmyagvd86y4,74
stake1ux92a66pl656nzt3egzkdnjkmflk65wfg5705gu86mnjfwqwa94ng,250
stake1uypvgw7tvq0ww9xc64cqd0r852ymeud8w86u2ejas68m3vsum2heg,435
stake1u9k249j4xxw0tgzsnu7z7j3vdxj6wfdvdtdd25y9jlgmmcs929n9h,715
stake1u8lrttjq0k3wll3eajm0mnl0zufw4qgzsq5smtxpv3emyec2l9jdd,182
stake1u97yrvevjdfq40hn79344e6a4hkp5mjqdmwv59qt56f0kpspur8vw,78
stake1uxmhdf9jc9atdem62h9vufz3fju9dgmnkmc0g7me7yvh7ecfak3v6,1777
stake1uxwjyxmf9s3dcv5wlzask07qmmwrs50uwgp2mx7lvg289xs0dsswu,26
stake1uyvfxt7gz3zc00smhpqal2e3s5cl8v0uwxnt6c889pyg98c027ep3,36
stake1uy0msylgtdtn09lt9vhvzzukx6mu24g85rh69wgll4w9fmgzgwhmx,279
stake1ux3wesqk5hv63dexxtgcewggpynv9su3s50fdqnnuusythg0j38h4,1320
stake1uy6tm59yf7eunp7ghf59s6yfan0f4820cm6wtean6ck5q7qyujjyq,340
stake1u8m8sfwndu8hrjgzvefjc3der635uaqzrcaxf3z5yqp0rushx0e5g,1526
stake1uytsx6hejyjwyqwezntlr47rcz28tzwvuzlpr0cusnv3wkqfsa922,63
stake1uxkvc7zelh9jtyjwtzlerryfsymn0wudrtx4k5lt0chwh0gp8670e,34
stake1uyckc64alwl0xucq4xc5kyq46rdgwemzhqsa4e6w20f6wgc38s3qv,493
stake1uyvrdlx9y5vyalppz0s6hrqgdsw49kh33hmkc9rx7mt7a7qphyfjh,78
stake1u8l8khcfqyjwqaly9tu07upumk4hta5f9r5wdgplzf2vsagledhhk,58
stake1uy0tvq90z4vrgzcmct60gkgx79m069en75aeme9hvtsztwchw4enx,362
stake1u9fhucxtvycz98a758eveth3ttfyg9d95w7ax3jx996jexsaac465,458
stake1ux3ag6uknf7ragelttuwv6cc04fpy5yyuutxj992h9z544qn48vwa,476
stake1ux9au4nkjdtcdn6q62y89d6s768rtadl89g4w42fwdzjefqs0tcq4,2002
stake1uxzt0pmgwvga7huzklnxladgpwyhyc8n3fawt9zun2s2aqqm0f6fg,66
stake1u9rf82nhdjtwglce390yy3gwc5w9hef8zvlxlwr8n2xpv8q47gytp,805
stake1u9tnd9wnl2hs3ms2c9kj5mmg9cc5k83qy3ggw6g9qtyegwg066fsq,36
stake1u9qpadgwx3llzv77hzmyjf0klhzna8a8gzqelcgpkqljx9cfwk8m6,48
stake1ux9pcg6f3s2up8p56mrvkz2f62tzxlytul625taw0ezwxucp3wzm2,80
stake1ux398mg73ksqgtzzr96sl97c2q6hezdnk8cq7tmpqyqkvfsldkzjt,80
stake1uxp978nkqqmzjne4txx0300jaf48vr22xrcw79vzs5qejmcd33rsv,2739
stake1u907nc2vew0ugra98rmgfv55ttky4uzy56w7awgmfaz9m7qjhdhmg,30
stake1u8peawsavvw67yujvwch5jhl8fvp8u7ye9d2g22ftvyd6uslsuh80,39
stake1u8y24vkpscq4vyj0ldnzyv9ndfqgxrrhm4rr45n7h8r06wgk42j9k,206
stake1ux8yefdt8t22jdee4zx2vls95mxtkkvt9mcj0dv08svv0ssyxrped,289
stake1u8g5u0wcx0ps7ejvfs8g5hpud3u362m7m6l66fmj7yz8segawun94,36
stake1u9a9d9wvjrc85x2cnjafezce0yxelu6lpa68tlrgcswpaps068lkd,572
stake1u9mt8acwm0sv0rnp4u4fvd7g97mf4z0mjl8q8wlxndcz8rqt7delt,172
stake1u9yz56nafkm72res4uwdmlxrnu5n0j87m0e43clcp9z02kqm6qfnc,518
stake1u84wrjtl8xlaurys2mmt7ll5q6hlk8uucmgps4jth5p8d0ccw3w97,48
stake1uxnnyxz4zue84leueshahnggne4jfecs3wxlftzqlrztsgq94zp7s,42
stake1uyu7a73pwtutgwalhc9g8pw3azv8vvuy788ypjcnvnfcl9guchejc,1093
stake1uyn8daeqarvsfwgxrvj39e5kjlqeay3k0zrsw2yep2557wceaaz7u,57
stake1uywuu7t5ayxsr4rajv62rwz5089z4myhe3wrmsgzl2gyplskh0c5q,372
stake1u8v2w9e39lxrvggpcvlk2jls6mxrk44nf6f97ksde6c3cdsqnlp9m,534
stake1uyswme33vqrqahnwy5p0l8l7na68nl3fpvfnyz0gcfxzxmcjc9r5l,342
stake1uy6gktfkq8harl479qrxs83mwcldhvz6mhh8z62eak56gds8ym47g,1056
stake1u8tupfxwrgj8vmsvfcpkvekjjne8jz396u4cm6695earffqlfaqpx,38
stake1uxp9urhr3h3zr0az9y6wqkkl9p0t287sgslztddrjvf42esfd2du7,87
stake1ux3ez4g0092atyw33nkl68pmkfsy9puwqc76g3vswvs2reqlrx8lg,58
stake1uylq58p6t5m9khvfjsjkd7e5puh3czltpcfm3n8mwh0n02gfh4fvp,97
stake1uxmvr2emm67qdfagadx5drk2t3g6exw239frz39ar00655gqjmlkh,513
stake1uxln27v8n3uxes3efalkcr4m5nhrp43ru48wtx4xxurj2nsrr75xc,556
stake1u904wmt75cvuw4scpjgumnzj8pasqvkuysjm8rrs7yzc5wgqkz7mr,676
stake1uxg8e0rxqyfpcwjne6d95d60gfzen64rrktzns7kckwtg3s5n4s6v,25
stake1uxwk8k8mj3efn5gyfj4n989782t0nkcymnl5793dtk3dmjct93720,450
stake1ux3zx09xsdz0rwzfh9y8qv56fsrp5c05fk33m03q6efjwyc4s596r,48
stake1uyhxtu2kgf5gswpl4e4wkdyvg85fkuv7q6cmqfjrpacy4yqujlnh7,361
stake1uyyecyzzjayc87hfaey00g0zvwxx4n2aue3259fada4pkugfm48p0,744
stake1u90ne49w8wu0ee5eq2kdrq3943q3uuq6tpyzf4h6w5t7h5cmxhylg,561
stake1uyxfvpaeafq45nw5ct4dk3atkw2nugh4zwdp8k5z9andk4czkc47m,450
stake1uxf29vwpsx4mwkmrl6z4yxy5vrgz9xeqwgvqcu74rs8fukgtkgs0d,483
stake1uxhh793m52c5fgzazfq4asp3wff33h5ac88fgeca2v6vr6ghrh2d0,1454
stake1uyf0lfqdqf6z73a73dtqkmcy72qrwpjww5el38jeej0aflggp6846,16
stake1uxhqdzp58ngk53nek8ex94svcrmwsatr82s86mcchxgmtsggjcyxw,42
stake1uy6qxkfsvjcv2zn50d49z7fq8kmkkt20fwu80gjr4jucpjg2uzf28,223
stake1u9w2uz3mxvwq5uz6yke5l96uexys852lx5l32srfez2aq8gnw09jh,52
stake1u9kfhkl6skp73slhlfs4t0rrqkc34ygneyfq5lk2u5tjm0cmr2lxk,35
stake1uy8k2kg4zdfdc55u30tx3xql52dt9dzphtv6qgecn8hcydq6xsk39,54
stake1u94tkqfyaqpty4vyph4age5y6zjs5augj54j5pz9pdse6vshwq9ce,406
stake1u8p4fn6mh3ah8mzmc95xct7fl00e4nhc6mmnavc7gfzryvc560ssw,38
stake1uxvhmw8nn06584rvkstqu40838d0l8ml9f2yz4jwmgq0afq9g6hcx,86
stake1u89zv8drd4pdku2zmpfy97nvs4u8lze3dw8cwusreus5hccc3scf6,90
stake1u8zdltz3hxdj4jqsvq0ya3yvmxsscln4kpfq4drk5nz70nc7r6td3,87
stake1uy75c2n0hayy7j7twvl4gj7mvpj50p47mmwygvkzd79q7sqn0pw8h,1044
stake1u9d2jvw82yal93g8saasys3qdq8u5qcs8wfdlykysw6eedqzuwxcw,215
stake1uxql7whw6pwynn70ln7h4shugx5k303em7vj8m06j4xcd2cys6fzs,117
stake1u8n4qz3m79easl9rqvgrcw2qm2499c4clz85ktr92jxaxlsavuj4n,364
stake1uy335wkzl6evta7ar7ttsevned00jk9n240j9qz4g9a5d5g7dafsy,84
stake1uxctsjlxejq604cw09jjj0j5uak2eq5lhx3zckmjxnr50dqyvqzw0,33
stake1uxjh74ue8uf2lrfur48xhj62xe2cvyk2vhthpq8yv8s5raqr9yz2g,114
stake1u9p0fvcstr7gw766s7ld3nhfc70quqrekmhxkuwj5x8rqdg7rkzx7,44
stake1ux6qdzy9fdutxr2ww6lf7n7umjzaguw2wr7tcvwlr9mtchgp4asks,34
stake1uy6epr5u39snu65h776859zk4pcjdqkly4etet86pcvnjngmu9rcv,710
stake1uynplur9gjheyegxu9kj5edqfe5r2wjlflz9m8te0fxh4eqe54yd6,1461
stake1uy7gzmx094yvglvyvftslaequjny4nm6lf8zz826pagw3fssclt4c,340
stake1uytt9eeprpfru2qag48lw0tc5wpfucs9d5ggjzmtendnr5cwpe76n,186
stake1u9zmhjf8mrtprw9j94uprl09qynvsw5ellw9y2chq78gv4c9twm5u,358
stake1u8g0slxdy6cucjhag05hvqc8zqncaleahfyr7v9m9x7rynsa34n8m,80
stake1uxlyx7u374r7aegq0zjq5q0c7n6pr089rkt53luud9kh99sw9p0dk,358
stake1uymr47rxcre2fayqpax2k386nezt35gengwype4u6ac36ggk5uf0k,570
stake1u8q9q3grwl95m7k30y25d7epderm3auvre5xctyh8ndge9gmq9syy,58
stake1u9jx3x9n3adzljx4nm234k8tudpx2htnuj0wy8rjr0grhlsz3ggcq,374
stake1uxyclet3tyh3ss8t4gq727yz3nma63z73pezmezydy7e3zglfr9ch,11572
stake1uyduq9xgggflkqlhn2w42g6n67lq4jqxq85m9egvfghcrsg7zaww8,214
stake1u8gpw76vns79dkgjjtp54xr23mr9dy2hsv69jfzm5ysy7scvac67x,376
stake1uydnm80xex96waxwwxqmpprxy60zmqal2k06nl7gqq4n8nqpptywn,886
stake1uynq58qlvzgdyp3u37eky4asvu62rk5m2nua7arf2shfu5s08n58z,46
stake1uywlht33mf2ed9c8vwg4e4007kafcyyf8q4v4ygze9rmk0s2asnx3,96
stake1u80ea3wjnwtflchsr4skjxksz6rkujhe8s7wrwu6t3c5ytchcnpw8,465
stake1uxly7q8zsegp4kp29yga4j6hutqcpnp7d7ge5spva77hc0s7eqhze,36
stake1uxvtwemwsfmzsda6cg0jnaywplpr55nuurl6hf40whf3vlcfz2z08,130
stake1u8adcqmn0fm8zlvxfxkuvk2gl2ex459cstsfla2pp4gwj0s7vffh2,362
stake1u9c9trt9kjahswsxvhr3zk543l5q68dx7kunmakehjew3mgqelkse,276
stake1uy7q4m63fyq652zpe8jyseynf0m6sl0tyfysl002wlxj2dg0dulm2,18
stake1u8y5c22tues2j6rregf2fca9j26lncpv4v559q0wp6zj0cq26pllm,28
stake1uxwwgjn0mrt9mq922y4524s2t7vh7s0f9ryhuq7sdhuxu7galprpk,114
stake1u9t7rpxh5zt0d0xu497t3thrcsth0xredwjkjj3csjh98hsm0k0q6,669
stake1u8z0yxrat8qsmklgt5zalknqeympy6x5rlh7uehlrwqr0agjklnrz,257
stake1uy77szv5kpufk2r8p3t7xgutv2c87pw483lpmx5vsa5chegf6qfgq,360
stake1u9h47jzelq38mk7yvaxklducf9uw7lhmfhwk4fm44wfdszsgqdmmz,68
stake1uy5kgpw0je5srn8hrn8mt6rycp5ludnv0rhdxnc0v0dx2ms9asrzz,60
stake1u8lnugysehec3skf00252ya66uwnyrpykrggdm29jj4vp7grcl0u9,482
stake1u8adq2jgxwxvuzdn3ja05f7rp4mvy3u6k889g2jgv4gvn7cggzse0,25
stake1u8y2a5eqwl4pu22smxgxa6n020tpvjrfxq5gc89q2m44lwgv33ess,372
stake1u9jqezcgur3az6n849x2r36mjv5xxled5qgxzrpq8jxx9cqhn3tcv,428
stake1uxthxarmlqtzdwml42vsftwlhekqf94jmm2q8dtljs6rpyc2h5lj5,815
stake1u9ncrywddh0578qy6rk5qkslzcnxcmxragkd46k742gk7tcgrne55,50
stake1u8kdhg396z9dsyn9uf9vntlxkehe2vp3zksu60aksgd0n8gt95kdt,1277
stake1ux3ldkkjnse5x52lwxy54pzz2cpehlt7u2fa534tcpwxwng8c2wgp,163
stake1uyqnvrltn0jjtdyhhdprhpqz0tf2mazdwdtwgtlydvcluxg4sls9p,873
stake1uxtkf2w0gxfyk7cmmftt0vf6fqcpw4dxhcazyeeu9flch5cfl0etp,21
stake1uydkfsevcqdh7pl7crsckhzd74r0dj5c60cf958vd7s0p6cewn0uz,194
stake1uxkmfjtn7lkzngxlmp8dajwuc97jy5rj73uvfv95trjy7mqcqf00d,58
stake1u9l7w9t6qr3vry2jw4qzkc3zksytreh2xyxg0xpdcgw2m0c4psghn,267
stake1uys8nu8vchulwrfjlxuc3px2cvfp77futxaystz8mfn059g809vfr,48
stake1u844s5802tmp33e6lwpg936re4gzt72fflpf0txlq52vxsq4z9vhl,64
stake1uxmk3v9jaj7kckel5dgekel8y8sjdyv4wj37lnxl0wjpn0sm8uq2k,232
stake1ux0zq72x8rctwgdysln9rydzdxhnmau2c0k3u8wykuyalpc2dnlv3,66
stake1u8etu8w980qlcyz3fr7tw0zkgf53ek28gunexjn7zgrtgegc3lk8l,474
stake1uxztvy2nh64lf7g7j2uf6mvqea7lnx4x0mgykcr72a7sg5c6zvwcg,78
stake1uy224ejqh0am39dmhh7u47mz9ty02gkww0u0waeaq69z4jcyayc8t,62
stake1u87a9a5qkhyhzuej3u3jkkmcxml5r967pxj880advdjrsrgdsfngq,757
stake1u9c6fyzj0nplcw0cl44fwgy9sp59c98yswp3d0a98grmpvsz4pskg,72
stake1u9cyr6rtaa8z0v72z0hhp2jjc8zmlny464cj0nazqeqzmqszmgwhy,66
stake1uyvraf04w5g44srnnle2carn8ra5gxr9scmhx6dj4cux8xgwstj9l,128
stake1u8zq6m8jzjsqmy4t84tzvaj9tqe48tqctt4wx9x8e4lhhtskkl599,910
stake1u9n9rs9x3xqxt5w38tnshucq45q3exfws3txqmdhhnjelhgduxr54,1222
stake1uy0xcqdmtpks3fnc3rnm3lxhxuxx83lzs6luc648edzesss0ck935,2331
stake1uy76vvl26j7yczv9j5668jn6uldt7gepm9ukxz6qy53v99gn8je3z,181
stake1uyupdkvhpkcz642h3xwc66ame3frwacg0pjxc5rw9qghwwsj65qvz,70
stake1u9p2vs7h5kn32x88v4yqmpfngjxhylg4yxtlp9h0te2sm3sr7txnp,550
stake1uyn47pymfz0wspuxn8v970kn23upn3l8d08s7xyypgqdz5qy99g8t,4845
stake1u9c3rlc90dukrmjlfzn4uap27nyl06yuunx78terkqtywjsgudqck,964
stake1uxy3k2jc3psvlwpdyxe2yrazfwpdv6r9pszuvzjum7xpcxqek2tts,376
stake1u8yhjvc5cmnqgx0yuvqrr4w8gxhp5te0permlc0598kwwmqgvyx9c,81
stake1u9shz6cse4us8d26w95xrf327mwmrkm6uyy7fwpkyp3f7fc5k3h2t,513
stake1uy3sgkwzammggycefj2j3s8ywk56kwj65nfjswl40k5t3qqj2yfsw,63
stake1uy59qrwka7zs7l7gq6afuvpsc7jknqrqnakceqt3d4n24kg6hdqc7,219
stake1u859ksyauallkkmat8c9rjszf9vdvv85h2d383dptncu67sk8qtjd,26
stake1u93zhx9rfz96tpcvdmq5mgf9hsec9vxxxmhccstrvl8v2fc9a2huj,330
stake1u87024dpl4exp857acj956n6xsqv0e9lw49jfd8wsvfrgvsqv8tna,140
stake1uyaqw6nfmwnx5agmerckfgv6uy2rx02kdcs88nhtxnmxl8qlg08tj,384
stake1u9rxc7cxw7suu8tkr47zasn6c2uvqd9vzwquj9htstdq2lqlnhts7,29
stake1uyr20ez9wdh4y0lqsf2qyweds2nqfhxe0vc8p05lnnvue0ssjk8nr,2188
stake1u9y87px4n0mzxkql5c3d9z6xr7ahjvqkzskspxq4l3u8cvg626kyc,158
stake1uyr7h2ygqn73yk9vm72kcxm2ggypwapxa7jf5avdkdg67ncyt9f7d,330
stake1u8ymrhcspmyy0kfhy8a3rxrwkv3tu0pk67dlde8uasd9atgwuu6dc,243
stake1u8wrgehmdparje776w8xuu0srsyl0vydkxlrgrv5hj0fcmqvkmuaf,340
stake1uy5fcqda99tl40jk2eekluxh2afs3m8ll87zuxw38dyy7hspe65qm,1155
stake1u9kqzjh99x3hcxqnrlvgue2ufxqzavtpezrz0gdw29rsjts8ykyu0,297
stake1u8jzadgz5zdnr598xpml93e3plv58p9zjnqgczsddv6qn9q49n59m,93
stake1uyw5tdfmzeljawuw909zvhcwnkl5t833dk67mm3mz7h8c7c3u007f,225
stake1u9ekyt8p7tgr87x8wt9zz8w3myju7kdy744uc37ea8jxyxcdv6v4m,436
stake1u8cgrc8nswq6h5z7klen2jxwcrpzggmjjkpnewqdzmugnlgpf7eep,125
stake1u9cfsr2yv9hc3fqtmjzs8ep37klhc82math8d4vmd2q63aqcvgkn0,176
stake1u8wurve6kwvl5mvzk9jkwtp3y4c5jj5dpvu42lnl9xhgj0cmy0jv6,114
stake1u8tyegrrwk4pk9hkd7zv6mx8xgypwu2cukf2wu4vgx0gl0smdendj,338
stake1uxwprg28tzuf75jyc4jtnpk7wr7qc6fn0naspayqzrcquvcream2a,184
stake1u83napyc7pk32k7ck9hxg3klxak3lcqauz362hnpz4whpkqsf0y6y,74
stake1u9vhwv8vth85uzfljnq46qq7h2dlwkgdcq879wkyg2mczfsx7cnkq,1127
stake1ux4fdd7g4atecg7r5gfyz37tk4ruqx009dhpaf7fgkpv0xstwu4eq,420
stake1uyahlv4xwe3a88e336yvte8qtccpckdre2em5gamlwjylpqx2tdxz,250
stake1uy3n7skym5m88fp6gzgsey04mgy2ud403d0vefvustcwmmgzfwvav,300
stake1u9t37qaqt5pltxvupef82l36gck5u6zlcnqxfua8lp83m5g0hgkd2,729
stake1uxy0kxa7vwynkpcu0mxfpn2ej5ff2fse72hm2q4g5gjyfuc6r7muf,522
stake1uxsrtlfr7rgjwf7ma5lk29vwvnh7w3e7c30hs2sjtvrgltg7u2467,69
stake1u8vntsyff6wgjcyzl5u9h0cr2c79k6wv6vaqs5myv7q5p0cj9qzsu,48
stake1uyr37pq26xc926syzs2q6zkrmmavlpjn6x0c2w3rpjyt2sg3gwgrs,34
stake1uylm2urdsff8htfxefgn0ucefq7k5plldq9jm8va5n7wr3ql6twax,568
stake1uy7a3ht4pe8kj6cap8ucdyvttr4dl0k6mpnxnzxmypnkm0gqz7h3t,374
stake1u8q7ud49qdxda8evjhwjytnhs9kzap9gqyaey2tre68lckgykznyg,54
stake1u85560yduj6atlcy8s58v3s7nzpnvqy2ram9c6762vqhuhqqulhz0,44
stake1ux6emheq02vtpqmd2qa5gf4h5ega388emsup5mknpjcezng4c7r04,104
stake1uxp5320dfl46cfdg5ts2zgnq0rnxzq0dw8x727qwtl3w88c7zcmtm,60
stake1u8tw75qvc9322es9q0gh5nu3ahyqe5equfe5ls3qmp7mfcg2ch2fe,378
stake1u9t5kejghrfh6mq0j0m85rp8xfllw6xtyg0pucg0suxcwvgxherl2,600
stake1u93hy40v7np80kz0dmgz082lenxg9ssmf8gm2yjh98dlv5seeermh,447
stake1u8zjsraav4ywywhrkjjkrh7q3mlt094d83qmev7q9tj4u8gkzxx6j,1280
stake1u9dec6kewz959m8t3tuy6g588x6qcndae27xmxch337v33q04d7a5,76
stake1u9jdllmyvwnl2su743hwx4k9kp2d2ccfal20eeprccaymzqfx0ugz,18
stake1uxw3prnwyhg0herwta78h42aevs058u3270gxxymsw9l4kqkph5zj,15
stake1uycktdg3jmgs0srgqc8jpzj90jqc3zy52psm0584nez9plqd6sf67,62
stake1u8fqrkly37ax6lfma6t4qms0f7fxuxargj3tf5m3xpur66qla7mva,50
stake1u8xg3xk4euh22sjry8ctv96cvgm9tds85xyecz444yajj9cmqzxwx,168
stake1uyantr0fpxz2ugrprvhpnrgrjfxyekhzsc4g0y92ytx2lrgt7nsnp,1255
stake1u9ungsuq59n2enhjx90lr4lffsd6nud7mppgszqwfruh6fcnrm5cq,564
stake1u8d2r66m4e9w8n8z2mvtjhx5qdd2yf4xpvmy405l4d744aqer8khz,46
stake1u8sp5z92qrrpa534mr5uynt4r4d6uux8galc4g7s4fftqsgt3n94g,35
stake1u8yx202a6upp5jccl73wejykeusm454073f9xv3kdpz2gag56ph0t,834
stake1uxcta06rvw5w85pvzf829ls9p35hxxffzf00mkgwlssdhrc4cm3dk,247
stake1uyql9kttef3wlahvkzm5u66pzmpzx72x0pzndwvctv6rm0svy5hw2,551
stake1ux3cw6al8qmrl5hm9ws2tz6wlfpd94fcd45kutasne5kapct2qcs6,188
stake1uxpqv8egsyqxfhldzlrfjgxzwzc8af7wv96ja6n0sarp0jcycg5ak,178
stake1uy34adm8c39a2qh9m5jt6eae8qljapm9nnjydqpjqu2sskgk0x36m,0
stake1u8rvw55m49mrvtcx7ayvxep0r6skpr924c4uxy9e484e3ysjj42w8,0
stake1uyfk4k5n6mjl5h36cqsdemxz6dk9zszfn2s5ucq6waj8zhgt8fh9z,0
stake1u9nmcz7vq9wxssu8fr9wpqh8c0axsacea6xddzsd530mcxs80dl2g,0
stake1u8j94a35p36hprmzx7em64qgt0av87r35jwc9wttczd79ugeaplcw,17
stake1u9wgk3xzgff6lcd2lqqe6fkdnqs7g4vc47mv2cx48caeuechtz6ml,0
stake1u86s5pw4848wvwet63atn2xlxzv4924cnm98va333px6r9grclg9e,0
stake1uyqy27ltgqhx6ehtympje2zvjj6yxgltk32p5t9flzhw75cj6he2n,159
stake1uyc909uetnrqe8zj2vyjetzmwzx9pwcp8cxq0zauqdsmj6cz83gly,56
stake1u9qvl5zyagawwhtgmjlhv26qut5esefgtxrtkllm3kvdeuce83caj,0
stake1u9vqpassvgljn7rckd6yqvt0edu3lcpyxpz4eqea3xwptzqnpz4u3,0
stake1u8xtcw0f2x0nj8f4m5p2cj3lwlygqr6mkzew6m8s66peacg0lzhqh,0
stake1uxm5u8vwwxt8cdz4fsfxne352m6dlznarl4dx73s27z4mjqj5mf2k,0
stake1u9mcmxdf9xlsfz5yrplkgm3jjgprdy6eajfddzmmv09u8qcahskc5,34
stake1uyk9j3rqsuw5zdv3k54nymluanr4dxnxma9umdmg0yk39wst5eh2k,0
stake1uxu6mu5yyr6uphywn498wa8wzvjjyxpp8qam53px7gezhmsjer76l,0
stake1uxna5zhcdqgf0jma6h36cutwjzjz3m82xc0jlatem39kjwqk8a67m,0
stake1u8ze0f85hyxq2h0c2ttnckxej8n703h8yr72s8m5k6yp8vqm27ugn,0
stake1u9h9f997yucmacshmzthlhews75czzqxamwvr28pa9nnf7grvcgre,160
stake1u8pku0wechh6aagwt4av90ehfyn8sffteq0tzz52casp7hcsadmp5,0
stake1u9fgqetf7w3r9shxqndstq9xxrk53l3j4tdclk2n9wrgqlgk2rtnj,0
stake1u97g2duu779zklr7khysgdjpnrplq2wefqvyhtr7n202ddgwry7dr,329
stake1uyrkpm9dspvddt7m6es7undc38esmy0axu5mdnjrdsapg4c4k3n5f,0
stake1uyv8jpqgwjvsy9e2mw86cutujelu7h2p93sqltvzc5d8tjgns342s,179
stake1uxxjrrkp6z5qu3zfc7ya26jeqeuy3v3qwxqhwqczjwlupqql2c2wd,236
stake1u9z666f3r8fkens3rw465yv3evmux9q67y8hxdk8nj6z0vqjqj9w6,332
stake1u8ksuu7d7usgxpmd9pd6mhaauf3qv40x37zdpnt74murn2gmw9yl6,0
stake1uy87vr2ttr8rxzletmfmnyw4zdm9j0c60hfle974dqeu8kqnw4wy6,14
stake1uxpsdkjt6tjppet4nxurtz9pue7c2fwpqpf7luux8cuyc3s84q2uz,0
stake1u84rl4e5ju38yhtq0w8gcqtdskgr3vyhvkpkp85pn49hltspky8yr,0
